prioridade;situacao;fim;dias_restantes;veredito;uf;municipio;orgao;titulo;faltam;pagina_oficial;motivo_sem_pagina_oficial;familia_de_rota;exige_navegador;id
3;sem_prazo_confirmado;;;aprovado;BA;BA/Dias d'Ávila;PNCP — MUNICIPIO DE DIAS D'AVILA;Chamamento público para premiação de agentes culturais, pessoa física, residentes e domiciliados no Município de Dias D`Ávila/BA, mediante seleção de artistas (solo), duplas (grupo coletivo) e grupos de dança (grupo coletivo) para participarem da 2º Edição do Festival Conexão Dança 2027.;prazo de inscrição, página oficial;;portal de divulgação, não é a página oficial do edital: serve para descobrir o número do processo e o nome do órgão, e a partir daí a fonte é o site do órgão;pncp_api_consulta;sim;0ce9e2dee2377128a078
3;sem_prazo_confirmado;;;aprovado;SP;SP/Piraju;PNCP — CONSORCIO INTERMUNICIPAL DO ALTO VALE DO PARANAPANEMA - AMVAPA.;SELEÇÃO DE ORGANIZAÇÃO DA SOCIEDADE CIVIL – OSC, SEM FINS LUCRATIVOS, REGULARMENTE CONSTITUÍDA, QUALIFICADA E INTERESSADA EM CELEBRAR PARCERIA COM O CONSÓRCIO INTERMUNICIPAL DO ALTO VALE DO PARANAPANEMA – AMVAPA, PARA EXECUÇÃO DE SERVIÇO DE ACOLHIMENTO INSTITUCIONAL NA MODALIDADE DE RESIDÊNCIA;prazo de inscrição, página oficial;;plataforma_privada_de_licitacao: não serve como fonte de prazo, objeto, pagina_oficial. relocalizar o registro pela busca oficial do PNCP (familia pncp_busca) e usar a pagina do PNCP como pagina ofici;plataforma_privada_de_licitacao;nao;1229a56cafe058007b03
3;sem_prazo_confirmado;;;aprovado;RS;RS/Passo Fundo;PNCP — MUNICIPIO DE PASSO FUNDO;Seleção de Organizações da Sociedade Civil - OSC, sem fins lucrativos, para celebrar Termo de Colaboração, voltadas ao atendimento de pessoas idosas, com idade igual ou superior a 60 (sessenta) anos de idade, em situação de vulnerabilidade social.FUMUI;prazo de inscrição, página oficial;;portal de divulgação, não é a página oficial do edital: serve para descobrir o número do processo e o nome do órgão, e a partir daí a fonte é o site do órgão;pncp_api_consulta;sim;279fd5164589758e182c
3;sem_prazo_confirmado;;;aprovado;RS;RS/Passo Fundo;PNCP — MUNICIPIO DE PASSO FUNDO;Seleção de projetos apresentados por Organizações da Sociedade Civil - OSCs, sem fins lucrativos, para celebrar Termo de Fomento, voltadas ao atendimento de crianças e adolescentes em situação de vulnerabilidade social.;prazo de inscrição, página oficial;;portal de divulgação, não é a página oficial do edital: serve para descobrir o número do processo e o nome do órgão, e a partir daí a fonte é o site do órgão;pncp_api_consulta;sim;2e9711152378cd8aacd9
3;sem_prazo_confirmado;;;aprovado;BA;BA/Dias d'Ávila;PNCP — MUNICIPIO DE DIAS D'AVILA;A seleção e o fomento de 01 (um) projeto cultural coletivo de dança, voltado à criação, circulação e apresentação de espetáculo(s) de dança de rua, a serem realizados em 10 (dez) bairros do município, ou seja , 10 (dez) apresentações, em espaços públicos, de forma gratuita e aberta à comunidade.1 O;prazo de inscrição, página oficial;;portal de divulgação, não é a página oficial do edital: serve para descobrir o número do processo e o nome do órgão, e a partir daí a fonte é o site do órgão;pncp_api_consulta;sim;3cda5dffd549be2cd079
3;sem_prazo_confirmado;;;aprovado;PR;PR/Nova Esperança;PNCP — MUNICIPIO DE NOVA ESPERANCA;Chamamento Público tem por objeto a seleção de propostas/plano de trabalho das organizações da sociedade civil interessadas na celebração de Termo de Colaboração, com a finalidade da presente contratação é atender demanda apresentada pela Política de Assistência Social e apoio as Organizações da Soc;prazo de inscrição, página oficial;;portal de divulgação, não é a página oficial do edital: serve para descobrir o número do processo e o nome do órgão, e a partir daí a fonte é o site do órgão;pncp_api_consulta;sim;3dd2e9ce702aae7659a5
3;sem_prazo_confirmado;;;aprovado;BA;Itacaré;MUNICIPIO DE ITACARE;000010;prazo de inscrição, página oficial;;portal de divulgação, não é a página oficial do edital: serve para descobrir o número do processo e o nome do órgão, e a partir daí a fonte é o site do órgão;pncp_api_consulta;sim;498e3904
3;sem_prazo_confirmado;;;aprovado;RJ;RJ/Arraial do Cabo;PNCP — MUNICIPIO DE ARRAIAL DO CABO;O presente Chamamento Público tem por objeto a seleção de Organização da Sociedade Civil (OSC) para celebração de Termo de Colaboração com o Município de Arraial do Cabo, por intermédio do Fundo Municipal de Educação, visando à execução do Programa EDUCA+ ARRAIAL.;prazo de inscrição, página oficial;;portal de divulgação, não é a página oficial do edital: serve para descobrir o número do processo e o nome do órgão, e a partir daí a fonte é o site do órgão;pncp_api_consulta;sim;4e5bcf840dc7ce3ea6e2
3;sem_prazo_confirmado;;;aprovado;PI;PI/Floriano;PNCP — MUNICIPIO DE FLORIANO;CHAMAMENTO PÚBLICO PARA PACTUAÇÃO DE TERMO DE COLABORAÇÃO ENTRE A SECRETARIA MUNICIPAL DE TURISMO E DESENVOLVIMENTO ECONÔMICO – SEMTUDEC E ORGANIZAÇÃO DA SOCIEDADE CIVIL, PARA APRESENTAÇÃO E EXECUÇÃO DO PROJETO “NATAL DE FLORIANO 2024” EM PARCERIA COM A SECRETARIA MUNICIPAL DE TURISMO E DESENVOLVIM;prazo de inscrição, página oficial;;portal de divulgação, não é a página oficial do edital: serve para descobrir o número do processo e o nome do órgão, e a partir daí a fonte é o site do órgão;pncp_api_consulta;sim;52aae9ce41ad52f83809
3;sem_prazo_confirmado;;;aprovado;PR;Colombo;MUNICIPIO DE COLOMBO;Credenciamento no CHAMAMENTO PÚBLICO Nº. 002/2025, referente ao Credenciamento de Entidades sem fins lucrativos do Município de Colombo, para doação de bens móveis declarados inservíveis pela Prefeitura Municipal de Colombo.;prazo de inscrição, página oficial;;portal de divulgação, não é a página oficial do edital: serve para descobrir o número do processo e o nome do órgão, e a partir daí a fonte é o site do órgão;pncp_api_consulta;sim;5b28b15d43e434599db1
3;sem_prazo_confirmado;;;aprovado;PR;PR/Campo Mourão;PNCP — FUNDACAO DE ESPORTES DE CAMPO MOURAO;CHAMAMENTO PÚBLICO, OBJETIVANDO FIRMAR PARCERIA POR MEIO DE TERMO DE COLABORAÇÃO COM ORGANIZAÇÃO DA SOCIEDADE CIVIL (PESSOA JURÍDICA SEM FINS LUCRATIVOS, COM SEDE NO MUNICÍPIO DE CAMPO MOURÃO), PARA APLICAÇÃO DOS RECURSOS NA EXECUÇÃO DE PROJETOS ESPORTIVOS PELO PROGRAMA CAMPO MOURÃO MAIS ATLETA COM;prazo de inscrição, página oficial;;portal de divulgação, não é a página oficial do edital: serve para descobrir o número do processo e o nome do órgão, e a partir daí a fonte é o site do órgão;pncp_api_consulta;sim;72c1599531991b1ac933
3;sem_prazo_confirmado;;;aprovado;PR;PR/Guaíra;PNCP — MUNICIPIO DE GUAIRA;Chamamento Público para firmar Termo de Colaboração com Organização da Sociedade Civil, sem fins lucrativos, que execute Serviço de Educação Básica e de Atendimento Educacionais para educandos com Deficiência Intelectual, Múltipla Deficiências e Transtornos Globais do Desenvolvimento, no município d;prazo de inscrição, página oficial;;portal de divulgação, não é a página oficial do edital: serve para descobrir o número do processo e o nome do órgão, e a partir daí a fonte é o site do órgão;pncp_api_consulta;sim;81a7f79723fe650d4d68
3;sem_prazo_confirmado;;;aprovado;CE;CE/Iguatu;;Seleção de Organização da Sociedade Civil – OSC para execução, em regime de colaboração com o Município, de serviços educacionais destinados ao atendimento de crianças da Educação Infantil, no município de Iguatu/Ce.;prazo de inscrição, página oficial;;portal de divulgação, não é a página oficial do edital: serve para descobrir o número do processo e o nome do órgão, e a partir daí a fonte é o site do órgão;pncp_api_consulta;sim;830c27ebf0d91b0f6f39
3;sem_prazo_confirmado;;;aprovado;SP;SP/Jacareí;PNCP — MUNICIPIO DE JACAREI;;prazo de inscrição, página oficial;;nenhum endereço capturado;;nao;91fb791d
3;sem_prazo_confirmado;;;aprovado;RS;RS/Carazinho;PNCP — MUNICIPIO DE CARAZINHO;Celebração de termo de colaboração, com Organização da Sociedade Civil (OSC), em regime de mútua cooperação com a Administração Pública, para a consecução de finalidades de interesse público e recíproco, mediante a execução de atividade para o atendimento de matrículas na educação infantil oferecida;prazo de inscrição, página oficial;;portal de divulgação, não é a página oficial do edital: serve para descobrir o número do processo e o nome do órgão, e a partir daí a fonte é o site do órgão;pncp_api_consulta;sim;996497acfed0b3158670
3;sem_prazo_confirmado;;;aprovado;CE;CE/Senador Sá;PNCP — MUNICIPIO DE SENADOR SA;CHAMAMENTO PÚBLICO DESTINADO A SELECIONAR ORGANIZAÇÃO DA SOCIEDADE CIVIL SEM FINS LUCRATIVOS PARA FIRMAR PARCERIA, EM REGIME DE MÚTUA COLABORAÇÃO, QUE TENHA POR OBJETO O DESENVOLVIMENTO DE AÇÕES DE FINALIDADE DE INTERESSE PÚBLICO E RECÍPROCO COM FULCRO AO APOIO À GESTÃO ADMINISTRATIVA E ASSISTENCIAL;prazo de inscrição, página oficial;;plataforma_privada_de_licitacao: não serve como fonte de prazo, objeto, pagina_oficial. relocalizar o registro pela busca oficial do PNCP (familia pncp_busca) e usar a pagina do PNCP como pagina ofici;plataforma_privada_de_licitacao;nao;a2e23f84f60e8ace4d9e
3;sem_prazo_confirmado;;;aprovado;AL;AL/Maceió;PNCP — TRIBUNAL DE JUSTICA DO ESTADO DE ALAGOAS;[LICITANET] - Chamamento público na forma de credenciamento de associações e/ou cooperativas de trabalhadores catadores para assinatura de TERMO DE COMPROMISSO objetivando o recolhimento e processamento de resíduo reciclável e reutilizável produzido nas dependências do Poder Judiciário de Alagoas na;prazo de inscrição, página oficial;;plataforma_privada_de_licitacao: não serve como fonte de prazo, objeto, pagina_oficial. relocalizar o registro pela busca oficial do PNCP (familia pncp_busca) e usar a pagina do PNCP como pagina ofici;plataforma_privada_de_licitacao;nao;ab865aa353056669100e
3;sem_prazo_confirmado;;;aprovado;CE;CE/Ocara;PNCP — MUNICIPIO DE OCARA;CHAMADA PÚBLICA PARA SELEÇÃO DE ORGANIZAÇÃO DA SOCIEDADE CIVIL – OSC, INTERESSADAS EM CELEBRAR TERMO DE FOMENTO QUE TENHA POR OBJETO A IMPLANTAÇÃO DE PROGRAMA DE ATENÇÃO ÀS SINGULARIDADES NEUROLÓGICAS E AO ESPECTRO AUTISTA (TEA) JUNTO A SECRETARIA MUNICIPAL DE SAÚDE DE OCARA/CE;prazo de inscrição, página oficial;;portal de divulgação, não é a página oficial do edital: serve para descobrir o número do processo e o nome do órgão, e a partir daí a fonte é o site do órgão;pncp_api_consulta;sim;caa19170eb41534c9368
3;sem_prazo_confirmado;;;aprovado;RS;RS/Passo Fundo;PNCP — MUNICIPIO DE PASSO FUNDO;Selecionar projetos apresentados por Organizações da Sociedade Civil, sem fins lucrativos, para a celebração de parceria, com formalização de Termo de Colaboração e transferência de recursos financeiros, destinados à realização de feiras de negócios.;prazo de inscrição, página oficial;;portal de divulgação, não é a página oficial do edital: serve para descobrir o número do processo e o nome do órgão, e a partir daí a fonte é o site do órgão;pncp_api_consulta;sim;cb51e96b5bf56bd13578
3;sem_prazo_confirmado;;;aprovado;MG;MG/Oratórios;PNCP — MUNICIPIO DE ORATORIOS;ORGANIZAÇÕES DA SOCIEDADE CIVIL SEM FINS LUCRATIVOS PARA EVENTUAL CELEBRAÇÃO DE TERMO DE COLABORAÇÃO OU TERMO DE FOMENTO.;prazo de inscrição, página oficial;;portal de divulgação, não é a página oficial do edital: serve para descobrir o número do processo e o nome do órgão, e a partir daí a fonte é o site do órgão;pncp_api_consulta;sim;ccc296e9e783767e56b2
3;sem_prazo_confirmado;;;aprovado;CE;CE/Senador Pompeu;PNCP — MUNICIPIO DE SENADOR POMPEU;SELEÇÃO DE PROPOSTAS PARA A CELEBRAÇÃO DE PARCERIA COM A SECRETARIA MUNICIPAL DE SAÚDE, POR MEIO DA FORMALIZAÇÃO DE TERMO DE COLABORAÇÃO, PARA A CONSECUÇÃO DE FINALIDADE DE INTERESSE PÚBLICO E RECÍPROCO QUE ENVOLVE A TRANSFERÊNCIA DE RECURSOS FINANCEIROS À ORGANIZAÇÃO DA SOCIEDADE CIVIL (OSC);prazo de inscrição, página oficial;;portal de divulgação, não é a página oficial do edital: serve para descobrir o número do processo e o nome do órgão, e a partir daí a fonte é o site do órgão;pncp_api_consulta;sim;dc73999357ed4e37d07f
3;sem_prazo_confirmado;;;aprovado;RS;RS/Rio Grande;PNCP — MUNICIPIO DO RIO GRANDE;Seleção de proposta para celebração de Termo de Colaboração com Organização de Sociedade Civil (OSC), para serviço de intérpretes de libras para atendimento às pessoas surdas usuárias da Língua Brasileira de Sinais (Libras) nos equipamentos públicos do município do Rio Grande, através da Central de;prazo de inscrição, página oficial;;portal de divulgação, não é a página oficial do edital: serve para descobrir o número do processo e o nome do órgão, e a partir daí a fonte é o site do órgão;pncp_api_consulta;sim;e2393262c2615ecd35f0
3;sem_prazo_confirmado;;;aprovado;RS;RS/Sapiranga;PNCP — MUNICIPIO DE SAPIRANGA;Seleção de pessoa jurídica de direito privado, sem fins lucrativos - OSC, sendo CTG (Centro de Tradições Gaúchas) do município, interessados em celebrar Termo de Colaboração, cujo objeto será atendimento de até trezentos (300) alunos da rede municipal de educação, em Projeto de Cultura Gaúcha - Danç;prazo de inscrição, página oficial;;portal de divulgação, não é a página oficial do edital: serve para descobrir o número do processo e o nome do órgão, e a partir daí a fonte é o site do órgão;pncp_api_consulta;sim;e372219db856c7729beb
3;sem_prazo_confirmado;;;aprovado;MA;MA/Paulo Ramos;PNCP — MUNICIPIO DE PAULO RAMOS;Chamamento Público para seleção de Organização da Sociedade Civil – OSC para celebração de Termo de Fomento visando à execução de ações especializadas em Oftalmologia, compreendendo consultas, exames, emissão de laudos, prescrição óptica e fornecimento de óculos mediante indicação médica individuali;prazo de inscrição, página oficial;;portal de divulgação, não é a página oficial do edital: serve para descobrir o número do processo e o nome do órgão, e a partir daí a fonte é o site do órgão;pncp_api_consulta;sim;e8de25d724d1de2c80b0
3;sem_prazo_confirmado;;;aprovado;SP;SP/Piraju;PNCP — CONSORCIO INTERMUNICIPAL DO ALTO VALE DO PARANAPANEMA - AMVAPA.;SELEÇÃO DE ORGANIZAÇÃO DA SOCIEDADE CIVIL - OSC, SEM FINS LUCRATIVOS, REGULARMENTE CONSTITUÍDA, QUALIFICADA E INTERESSADA EM CELEBRAR PARCERIA COM O CONSÓRCIO INTERMUNICIPAL DO ALTO VALE DO PARANAPANEMA - AMVAPA, PARA EXECUÇÃO DE SERVIÇO DE ACOLHIMENTO INSTITUCIONAL PARA MULHERES EM SITUAÇÃO DE VIO;prazo de inscrição, página oficial;;plataforma_privada_de_licitacao: não serve como fonte de prazo, objeto, pagina_oficial. relocalizar o registro pela busca oficial do PNCP (familia pncp_busca) e usar a pagina do PNCP como pagina ofici;plataforma_privada_de_licitacao;nao;ebc55c857ceb4b7c6d91
3;sem_prazo_confirmado;;;aprovado;PR;PR/Campo Mourão;PNCP — MUNICIPIO DE CAMPO MOURAO;Chamamento Público, objetivando firmar parceria por meio de Termo de Fomento com Organizações da Sociedade Civil (pessoa jurídica sem fins lucrativos), para implementação de projetos e consecução de finalidades de interesse público e recíproco proposto por organizações da sociedade civil com a trans;prazo de inscrição, página oficial;;portal de divulgação, não é a página oficial do edital: serve para descobrir o número do processo e o nome do órgão, e a partir daí a fonte é o site do órgão;pncp_api_consulta;sim;fb5227d30224aee62b5d
4;sem_prazo_confirmado;;;atencao;BA;BA/Alagoinhas;PNCP — MUNICIPIO DE ALAGOINHAS;CHAMAMENTO PÚBLICO PARA A SELEÇÃO DE PROJETOS CULTURAIS PARA RECEBEREM APOIO FINANCEIRO, COM O OBJETIVO DE INCENTIVAR A PRODUÇÃO E A FRUIÇÃO ARTÍSTICA E CULTURAL EM ÁREAS PERIFÉRICAS, URBANAS E RURAIS, BEM COMO EM TERRITÓRIOS DE POVOS E COMUNIDADES TRADICIONAIS.;prazo de inscrição, página oficial;;portal de divulgação, não é a página oficial do edital: serve para descobrir o número do processo e o nome do órgão, e a partir daí a fonte é o site do órgão;pncp_api_consulta;sim;01efd9c4cbacbc782d98
4;sem_prazo_confirmado;;;atencao;PR;PR/Prudentópolis;PNCP — MUNICIPIO DE PRUDENTOPOLIS;Premiacao de agentes culturais que tenham prestado relevante contribuicao ao desenvolvimento artistico ou cultural do Municipio de Prudentopolis com recursos da Politica Nacional Aldir Blanc de fomento a cultura - PNAB LEI No 14.3992022.;prazo de inscrição, página oficial;;portal de divulgação, não é a página oficial do edital: serve para descobrir o número do processo e o nome do órgão, e a partir daí a fonte é o site do órgão;pncp_api_consulta;sim;023bbe9cd308edd98a3d
4;sem_prazo_confirmado;;;atencao;SP;SP/Arujá;PNCP — MUNICIPIO DE ARUJA;Chamamento público para contratação de OSC para execução de serviços de abordagem social e acolhimento institucional emergencial em períodos de baixa temperatura, voltados à proteção de pessoas em vulnerabilidade.;prazo de inscrição, página oficial;;portal de divulgação, não é a página oficial do edital: serve para descobrir o número do processo e o nome do órgão, e a partir daí a fonte é o site do órgão;pncp_api_consulta;sim;0aeca17ad40153d72098
4;sem_prazo_confirmado;;;atencao;MA;MA/Governador Luiz Rocha;PNCP — MUNICIPIO DE GOVERNADOR LUIZ ROCHA;O objeto deste Edital é a seleção de fomentos culturais para receberem apoio financeiro na categoria descrita, com o objetivo de incentivar as diversas formas de manifestações culturais no Município de Governador Luiz Rocha- MA e a participação dos mesmos.;prazo de inscrição, página oficial;;portal de divulgação, não é a página oficial do edital: serve para descobrir o número do processo e o nome do órgão, e a partir daí a fonte é o site do órgão;pncp_api_consulta;sim;11768ed9d6ef89878efe
4;sem_prazo_confirmado;;;atencao;SC;SC/Xanxerê;PNCP — MUNICIPIO DE XANXERE;Constitui-se em concurso para seleção de 14 (quatorze) projetos culturais nas categorias Formação e Produção, que contribuam para a produção, difusão, fomento, consumo, reflexão e profissionalização artística e cultural no município. A iniciativa tem como finalidade reconhecer e premiar agentes cult;prazo de inscrição, página oficial;;portal de divulgação, não é a página oficial do edital: serve para descobrir o número do processo e o nome do órgão, e a partir daí a fonte é o site do órgão;pncp_api_consulta;sim;196d0569cd32c3ab9ee7
4;sem_prazo_confirmado;;;atencao;RS;RS/Novo Hamburgo;PNCP — MUNICIPIO DE NOVO HAMBURGO;Chamamento Público Cultural nº 11/2024 - Edital de Fomento à Produção Artística e Cultural. Chamamento público para seleção de projetos culturais inéditos, por meio de fomento direto à produção artística e cultural, para repasse de recursos não reembolsáveis provenientes do fundo municipal de cultur;prazo de inscrição, página oficial;;portal de divulgação, não é a página oficial do edital: serve para descobrir o número do processo e o nome do órgão, e a partir daí a fonte é o site do órgão;pncp_api_consulta;sim;1eaba08f0097a3439216
4;sem_prazo_confirmado;;;atencao;AC;;PNCP — ESTADO DO ACRE;Constitui objeto deste Chamamento Público a Seleção pública de pessoa jurídica de direito privado, sem fins lucrativos, qualificada como Org;prazo de inscrição, página oficial;;portal de divulgação, não é a página oficial do edital: serve para descobrir o número do processo e o nome do órgão, e a partir daí a fonte é o site do órgão;pncp_api_consulta;sim;1f2ded3a
4;sem_prazo_confirmado;;;atencao;CE;CE/Horizonte;PNCP — MUNICIPIO DE HORIZONTE;Execução de projeto, programas e projetos de fomento e desenvolvimento do esporte de altor rendimento, amador e educacional, com emprego e recurso do Tesouro Municipal, consoante plano de trabalho, parte integrante indissociável deste ajuste.;prazo de inscrição, página oficial;;portal de divulgação, não é a página oficial do edital: serve para descobrir o número do processo e o nome do órgão, e a partir daí a fonte é o site do órgão;pncp_api_consulta;sim;248f790790781eb96dce
4;sem_prazo_confirmado;;;atencao;PR;Guaíra;MUNICIPIO DE GUAIRA;Credenciamento das entidades hospitalares filantrópicas ou privadas sem fins lucrativos, interessados em participar de forma complementar do Sistema Único de Saúde - SUS, no município de Guaíra, através de serviços prestados nos termos do Programa Municipal de Apoio e Qualificação Hospitalar - HOSPG;prazo de inscrição, página oficial;;portal de divulgação, não é a página oficial do edital: serve para descobrir o número do processo e o nome do órgão, e a partir daí a fonte é o site do órgão;pncp_api_consulta;sim;25763cc0ca8d2e40e805
4;sem_prazo_confirmado;;;atencao;RS;RS/Lagoa Vermelha;PNCP — MUNICIPIO DE LAGOA VERMELHA;EDITAL DE CHAMAMENTO PÚBLICO objetivando à seleção de ações ou atividades alusivas ao Calendário Oficial de Eventos do Município de Lagoa Vermelha, a serem realizados no ano de 2024, para a concessão de auxílio financeiro através de patrocínio, nos termos e cláusulas estabelecidas neste Edital, de a;prazo de inscrição, página oficial;;portal de divulgação, não é a página oficial do edital: serve para descobrir o número do processo e o nome do órgão, e a partir daí a fonte é o site do órgão;pncp_api_consulta;sim;2a117bef388182e6cf5b
4;sem_prazo_confirmado;;;atencao;RJ;RJ/Japeri;PNCP — MUNICIPIO DE JAPERI;O presente Chamamento Público reger-se-á pela legislação aplicável à espécie, especialmente pela Lei nº 11.977, de 07 de julho de 2009, que instituiu o Programa Minha Casa, Minha Vida, atualmente reestruturado e vigente Lei nº 14.620, de 13 de julho de 2023, bem como pelas Portarias MCID nº 724 e n;prazo de inscrição, página oficial;;portal de divulgação, não é a página oficial do edital: serve para descobrir o número do processo e o nome do órgão, e a partir daí a fonte é o site do órgão;pncp_api_consulta;sim;2abadd217ee84f41ed61
4;sem_prazo_confirmado;;;atencao;RO;RO/Vilhena;PNCP — MUNICIPIO DE VILHENA;EDITAL DE CHAMAMENTO PARA CONCURSO DE PREMIAÇÃO DE DESTINAÇÃO DE IMPOSTO DE RENDA AO FUNDO MUNICIPAL DA CRIANÇA E ADOLESCENTE E AO FUNDO MUNICIPAL DE APOIO À POLÍTICA DOS DIREITOS DO IDOSO, DESTINADA A PROCESSAR E PREMIAR ATRAV´ÉS DE EDITAL DE CHAMAMENTO PÚBLICO JUNTO AOS PROFISSIONAIS DA CONTABILID;prazo de inscrição, página oficial;;portal de divulgação, não é a página oficial do edital: serve para descobrir o número do processo e o nome do órgão, e a partir daí a fonte é o site do órgão;pncp_api_consulta;sim;2beebeda35753fca9ba4
4;sem_prazo_confirmado;;;atencao;MG;MG/Belo Horizonte;;Credenciamento de pessoas jurídicas de direito público ou privado sem fins lucrativos, elencadas no art.3º, inciso III da Política de Patrocínio, nos termos da Lei nº 14.133, de 1º de abril de 2021 e do Decreto nº 11.878, de 09 de janeiro de 2024, Política de Patrocínio aprovada pelo Plenário do Cre;prazo de inscrição, página oficial;;portal de divulgação, não é a página oficial do edital: serve para descobrir o número do processo e o nome do órgão, e a partir daí a fonte é o site do órgão;pncp_api_consulta;sim;355c4786aaf951b8ab9a
4;sem_prazo_confirmado;;;atencao;PR;PR/Luiziana;PNCP — MUNICIPIO DE LUIZIANA;SELEÇÃO DE PROJETOS DE CAPACITAÇÕES, AÇÕES EDUCATIVAS, DE FORMAÇÃO E/OU QUALIFICAÇÃO NA ÁREA CULTURAL ATRAVES COM RECURSOS DA POLÍTICA NACIONAL ALDIR BLANC DE FOMENTO À CULTURA - PNAB (LEI NO 14.399/2022) - LUIZIANA PARANÁ;prazo de inscrição, página oficial;;portal de divulgação, não é a página oficial do edital: serve para descobrir o número do processo e o nome do órgão, e a partir daí a fonte é o site do órgão;pncp_api_consulta;sim;370a35b17408d622d9aa
4;sem_prazo_confirmado;;;atencao;SE;;PNCP — MUNICIPIO DE ARACAJU;O PRESENTE TERMO DE REFERÊNCIA DISCIPLINA O PROCEDIMENTO DE CHAMAMENTO PÚBLICO DESTINADO À SELEÇÃO DE PESSOAS JURÍDICAS INTERESSADAS EM ADQU;prazo de inscrição;https://aracajucompras.se.gov.br/publico/WKF.aspx?code=SECOM-CM0001/2026&validation=54699;;;nao;376797a4
4;sem_prazo_confirmado;;;atencao;RS;RS/Dois Irmãos;PNCP — MUNICIPIO DE DOIS IRMAOS;chamamento público , através do Edital da PNAB( Politica Nacional Aldir Blanc- Lei nº 14.399/2022).;prazo de inscrição, página oficial;;portal de divulgação, não é a página oficial do edital: serve para descobrir o número do processo e o nome do órgão, e a partir daí a fonte é o site do órgão;pncp_api_consulta;sim;3a87d7ba457d99a817a9
4;sem_prazo_confirmado;;;atencao;RO;RO/Vilhena;PNCP — MUNICIPIO DE VILHENA;Edital de chamamento para concurso de premiação conforme o programa Transforme seu Imposto em Esperança, com distribuição gratuita de prêmios àqueles que destinarem parte do imposto de renda bem como também aqueles que intermediarem tal procedimento, ao Fundo Municipal da Criança e Adolescente e ao;prazo de inscrição, página oficial;;portal de divulgação, não é a página oficial do edital: serve para descobrir o número do processo e o nome do órgão, e a partir daí a fonte é o site do órgão;pncp_api_consulta;sim;3bede719aa233d8049b1
4;sem_prazo_confirmado;;;atencao;RS;RS/Lagoa Vermelha;PNCP — MUNICIPIO DE LAGOA VERMELHA;CHAMAMENTO PÚBLICO objetivando à seleção de ações ou atividades alusivas ao Calendário Oficial de Eventos do Município de Lagoa Vermelha, a serem realizados no primeiro trimestre de ano de 2025, para a concessão de auxílio financeiro através de patrocínio, nos termos e cláusulas estabelecidas neste;prazo de inscrição, página oficial;;portal de divulgação, não é a página oficial do edital: serve para descobrir o número do processo e o nome do órgão, e a partir daí a fonte é o site do órgão;pncp_api_consulta;sim;3ffb0b79e795dad81d1f
4;sem_prazo_confirmado;;;atencao;RS;RS/Lagoa Vermelha;PNCP — MUNICIPIO DE LAGOA VERMELHA;EDITAL DE CHAMAMENTO PÚBLICO objetivando à seleção de ações ou atividades alusivas ao Calendário Oficial de Eventos do Município de Lagoa Vermelha, a serem realizados no quarto trimestre de ano de 2026, para a concessão de auxílio financeiro através de patrocínio, nos termos e cláusulas estabelecida;prazo de inscrição, página oficial;;portal de divulgação, não é a página oficial do edital: serve para descobrir o número do processo e o nome do órgão, e a partir daí a fonte é o site do órgão;pncp_api_consulta;sim;40f2d99588e2fd64b352
4;sem_prazo_confirmado;;;atencao;PR;PR/Colombo;PNCP — MUNICIPIO DE COLOMBO;Chamamento Público 008/2024. Seleção de Projetos destinados ao Apoio para produção cultural nas diversas áreas de atuação, conforme previsão contida na Lei Complementar nº 14.399/2022 (Política Nacional Aldir Blanc de Fomento à Cultura).;prazo de inscrição, página oficial;;portal de divulgação, não é a página oficial do edital: serve para descobrir o número do processo e o nome do órgão, e a partir daí a fonte é o site do órgão;pncp_api_consulta;sim;47869269b585c38a5736
4;sem_prazo_confirmado;;;atencao;RS;RS/Lagoa Vermelha;PNCP — MUNICIPIO DE LAGOA VERMELHA;CHAMAMENTO PÚBLICO e convoca as Organizações da Sociedade Civil (OSC), inscritas no Conselho da Criança e do Adolescente (COMDICA), a apresentarem projetos voltados à promoção, à proteção e à defesa dos Direitos da Criança e do Adolescente, a serem financiados pelo Fundo Municipal da Infância e Adol;prazo de inscrição, página oficial;;portal de divulgação, não é a página oficial do edital: serve para descobrir o número do processo e o nome do órgão, e a partir daí a fonte é o site do órgão;pncp_api_consulta;sim;485139734f31774a1a97
4;sem_prazo_confirmado;;;atencao;SC;SC/Planalto Alegre;PNCP — MUNICIPIO DE PLANALTO ALEGRE;CHAMAMENTO PÚBLICO PARA SELEÇÃO DE PROJETOS PARA FIRMAR TERMO DE EXECUÇÃO CULTURAL COM RECURSOS DA POLÍTICA NACIONAL ALDIR BLANC DE FOMENTO À CULTURA - PNAB (LEI Nº 14.399/2022);prazo de inscrição, página oficial;;portal de divulgação, não é a página oficial do edital: serve para descobrir o número do processo e o nome do órgão, e a partir daí a fonte é o site do órgão;pncp_api_consulta;sim;49373ee8da52fa1ed6a0
4;sem_prazo_confirmado;;;atencao;PR;PR/Curitiba;;Chamamento público para seleção de interessados na utilização de espaços públicos para uso de estrutura física para uso de mão de obra prisional nos estabelecimentos penais na Regional de Maringá no Estado do Paraná, mediante adesão às condições previstas na Minuta de Termo de Cooperação e Permissão;prazo de inscrição, página oficial;;portal de divulgação, não é a página oficial do edital: serve para descobrir o número do processo e o nome do órgão, e a partir daí a fonte é o site do órgão;pncp_api_consulta;sim;4a82410403873bccf220
4;sem_prazo_confirmado;;;atencao;ES;;PNCP — MUNICIPIO DE ITAPEMIRIM;Constitui objeto do presente chamamento público a seleção de pessoa jurídica de direito privado, sem fins lucrativos, qualificada como Organ;prazo de inscrição, página oficial;;portal de divulgação, não é a página oficial do edital: serve para descobrir o número do processo e o nome do órgão, e a partir daí a fonte é o site do órgão;pncp_api_consulta;sim;4c336356
4;sem_prazo_confirmado;;;atencao;MT;MT/Nobres;PNCP — MUNICIPIO DE NOBRES;SELEÇÃO DE ENTIDADE DE DIREITO PRIVADO, SEM FINS LUCRATIVOS, QUALIFICADA COMO ORGANIZAÇÃO DA SOCIEDADE CIVIL DE INTERESSE PÚBLICO – OSCIP PARA CELEBRAR TERMO DE PARCERIA PARA FORMAÇÃO DE VÍNCULO DE COOPERAÇÃO, VISANDO O FOMENTO E REALIZAÇÃO DE ATIVIDADES DE INTERESSE PÚBLICO NO DESENVOLVIMENTO DE PR;prazo de inscrição;https://transparencia.nobres.mt.gov.br/prefnobres-mt/licitacoes/licitacao?id=5517;;;nao;4c94a13f418fba0d0715
4;sem_prazo_confirmado;;;atencao;BA;BA/Itacaré;PNCP — MUNICIPIO DE ITACARE;CHAMAMENTO PÚBLICO PARA SELEÇÃO DE PROJETOS CULTURAIS, POR MEIO DE FOMENTO DIRETO À EXECUÇÃO DE AÇÕES. PARA REPASSE DE RECURSOS NÃO REEMBOLSÁVEIS PROVENIENTES DA POLÍTICA NACIONAL ALDIR BLANC - PNAB, INSTITUÍDA PELA LEI FEDERAL Nº 14.399, DE 8 DE JULHO DE 2022;prazo de inscrição, página oficial;;portal de divulgação, não é a página oficial do edital: serve para descobrir o número do processo e o nome do órgão, e a partir daí a fonte é o site do órgão;pncp_api_consulta;sim;4ff67a8be58771740f50
4;sem_prazo_confirmado;;;atencao;RJ;RJ/Rio de Janeiro;PNCP — INSTITUTO NACIONAL DA PROPRIEDADE INDUSTRIAL;O II Prêmio PI nas Escolas tem por objeto o fomento, em âmbito nacional, da inserção da propriedade intelectual nas escolas da rede pública e privada de ensino, no âmbito federal, estadual e municipal, mediante o reconhecimento e valorização de professores e gestores escolares, conforme condições es;prazo de inscrição;https://cnetmobile.estaleiro.serpro.gov.br/comprasnet-web/public/landing?destino=acompanhamento-compra&compra=18303820900012024;;;nao;5258a95ad63285f99b87
4;sem_prazo_confirmado;;;atencao;MT;MT/Nova Ubiratã;PNCP — MUNICIPIO DE NOVA UBIRATA;Seleção de entidade de direito privado, sem fins lucrativos, qualificada como Organização da Sociedade Civil de Interesse Público – OSCIP, nos termos da Lei Federal n° 9.790/99, para celebrar TERMO DE PARCERIA para formação de vínculo de cooperação, visando o fomento e realização de atividades de in;prazo de inscrição, página oficial;;plataforma_privada_de_licitacao: não serve como fonte de prazo, objeto, pagina_oficial. relocalizar o registro pela busca oficial do PNCP (familia pncp_busca) e usar a pagina do PNCP como pagina ofici;plataforma_privada_de_licitacao;nao;5865b8b689804b8e557e
4;sem_prazo_confirmado;;;atencao;SC;SC/Xanxerê;PNCP — MUNICIPIO DE XANXERE;Concurso para seleção de 14 (quatorze) projetos culturais nas Categorias Eventos (realização de mostras, feiras, festivais, gincanas, salões, concursos, shows, entre outros eventos com cunho artístico e cultural) e Categoria Circulação (fomento à circulação de espetáculos, apresentações, intervençõ;prazo de inscrição;https://cnetmobile.estaleiro.serpro.gov.br/comprasnet-web/public/landing?destino=acompanhamento-compra&compra=98838320900012024;;;nao;5b2002af84d7311550c8
4;sem_prazo_confirmado;;;atencao;MG;MG/Wenceslau Braz;PNCP — MUNICIPIO DE WENCESLAU BRAZ;SELECAO DE PROJETOS PARA FIRMAR TERMO DE EXECUCAO CULTURAL COMRECURSOS DA POLITICA NACIONAL ALDIR BLANC DE FOMENTO A CULTURA – PNAB LEI Nº 14 399/2022';prazo de inscrição, página oficial;;portal de divulgação, não é a página oficial do edital: serve para descobrir o número do processo e o nome do órgão, e a partir daí a fonte é o site do órgão;pncp_api_consulta;sim;63d4a2a3748953c0568b
4;sem_prazo_confirmado;;;atencao;MT;MT/Colniza;PNCP — MUNICIPIO DE COLNIZA;SELEÇÃO DE ENTIDADE DE DIREITO PRIVADO, SEM FINS LUCRATIVOS, QUALIFICADA COMO ORGANIZAÇÃO DA SOCIEDADE CIVIL DE INTERESSE PÚBLICO – OSCIP, PARA CELEBRAR TERMO DE PARCERIA PARA FORMAÇÃO DE VÍNCULO DE COOPERAÇÃO, VISANDO O FOMENTO E REALIZAÇÃO DE ATIVIDADES DE INTERESSE PÚBLICO NO DESENVOLVIMENTO DE P;prazo de inscrição, página oficial;;portal de divulgação, não é a página oficial do edital: serve para descobrir o número do processo e o nome do órgão, e a partir daí a fonte é o site do órgão;pncp_api_consulta;sim;6778d5aa826c7b107693
4;sem_prazo_confirmado;;;atencao;MT;MT/Sorriso;PNCP — MUNICIPIO DE SORRISO;SELEÇÃO DE ENTIDADE DE DIREITO PRIVADO, SEM FINS LUCRATIVOS, QUALIFICADA COMO ORGANIZAÇÃO DA SOCIEDADE CIVIL DE INTERESSE PÚBLICO - OSCIP PARA CELEBRAR TERMO DE PARCERIA PARA FORMAÇÃO DE VÍNCULO DE COOPERAÇÃO, VISANDO O FOMENTO E REALIZAÇÃO DE ATIVIDADES DE INTERESSE PÚBLICO NO DESENVOLVIMENTO DE PR;prazo de inscrição, página oficial;;portal de divulgação, não é a página oficial do edital: serve para descobrir o número do processo e o nome do órgão, e a partir daí a fonte é o site do órgão;pncp_api_consulta;sim;6846a6fdc442a7edf191
4;sem_prazo_confirmado;;;atencao;SC;SC/Xanxerê;PNCP — MUNICIPIO DE XANXERE;O presente objeto constitui-se em concurso para seleção de 14 (quatorze) projetos culturais nas categorias Formação e Produção, que contribuam para a produção, difusão, fomento, consumo, reflexão e profissionalização artística e cultural no município. A iniciativa tem como finalidade reconhecer e pr;prazo de inscrição;https://cnetmobile.estaleiro.serpro.gov.br/comprasnet-web/public/landing?destino=acompanhamento-compra&compra=98838320900012025;;;nao;725f30918246f1fd725a
4;sem_prazo_confirmado;;;atencao;PR;PR/Terra Boa;PNCP — MUNICIPIO DE TERRA BOA;Celebração de Termo de Colaboração com entidade que ofereça serviço de Acolhimento Institucional para jovens e adultos com deficiência - Proteção Social Especial de Alta Complexidade, conforme previsto na Politica Nacional de Assistência Social do Sistema Único de Assistência Social - SUAS.;prazo de inscrição, página oficial;;portal de divulgação, não é a página oficial do edital: serve para descobrir o número do processo e o nome do órgão, e a partir daí a fonte é o site do órgão;pncp_api_consulta;sim;76d1259c4c611525eb22
4;sem_prazo_confirmado;;;atencao;BA;BA/Guaratinga;PNCP — MUNICIPIO DE GUARATINGA;EDITAL DE FOMENTO PARA APOIO A PROJETOS COM RECURSOS DA LEI COMPLEMENTAR Nº 195/2022 (LEI PAULO GUSTAVO) – INCISOS I, II E III DO ART. 6º. AUDIOVISUAL, PRODUÇÃO, SALAS DE CINEMA E FORMAÇÃO.;prazo de inscrição, página oficial;;portal de divulgação, não é a página oficial do edital: serve para descobrir o número do processo e o nome do órgão, e a partir daí a fonte é o site do órgão;pncp_api_consulta;sim;7a97a0c5ff1fb737f735
4;sem_prazo_confirmado;;;atencao;RS;RS/Novo Hamburgo;PNCP — MUNICIPIO DE NOVO HAMBURGO;CHAMAMENTO PÚBLICO CULTURAL Nº 10/2024 - EDITAL DE SUBSÍDIO PARA MANUTENÇÃO DE ESPAÇOS, AMBIENTES E INICIATIVAS ARTÍSTICO-CULTURAIS (PNAB) - Chamamento Público para seleção de projetos culturais de espaços , ambientes e iniciativas artístico-culturais para receber subsídio para manutenção com recurs;prazo de inscrição, página oficial;;portal de divulgação, não é a página oficial do edital: serve para descobrir o número do processo e o nome do órgão, e a partir daí a fonte é o site do órgão;pncp_api_consulta;sim;80529ad515742473b8f5
4;sem_prazo_confirmado;;;atencao;MG;MG/Ribeirão das Neves;PNCP — MUNICIPIO DE RIBEIRAO DAS NEVES;EDITAL DE CHAMAMENTO PÚBLICO Nº.112/2024 PARA PREMIAÇÃO DE AGENTES CULTURAIS QUE TENHAM PRESTADO RELEVANTE CONTRIBUIÇÃO AO DESENVOLVIMENTO ARTÍSTICO OU CULTURAL DO MUNICÍPIO DE RIBEIRÃO DAS NEVES COM RECURSOS DA POLÍTICA NACIONAL ALDIR BLANC DE FOMENTO À CULTURA - PNAB (LEI Nº 14.399/2022);prazo de inscrição, página oficial;;portal de divulgação, não é a página oficial do edital: serve para descobrir o número do processo e o nome do órgão, e a partir daí a fonte é o site do órgão;pncp_api_consulta;sim;832b4ebf5f1b167a198e
4;sem_prazo_confirmado;;;atencao;PR;PR/Mariópolis;PNCP — MUNICIPIO DE MARIOPOLIS;O objeto deste Chamamento Publico e selecionar Organizacao de Sociedade Civil sem fins lucrativos sem fins lucrativos destinados ao atendimento a Pessoas Idosas com repasse de recursos provenientes do Fundo Municipal de Direito do Idoso atendendo as necessidades do publico alvo observando as co;prazo de inscrição, página oficial;;portal de divulgação, não é a página oficial do edital: serve para descobrir o número do processo e o nome do órgão, e a partir daí a fonte é o site do órgão;pncp_api_consulta;sim;90540a1ed23e0ef1be9c
4;sem_prazo_confirmado;;;atencao;SP;SP/Indaiatuba;PNCP — MUNICIPIO DE INDAIATUBA;Chamamento público para seleção de patrocínio para apresentação de peça teatral, ônibus laboratório, atividades ambientais e subsidiar materiais recicláveis para as oficinas que serão realizadas durante a 4ª edição da Feira Ambiental Ecopark 2025.;prazo de inscrição, página oficial;;portal de divulgação, não é a página oficial do edital: serve para descobrir o número do processo e o nome do órgão, e a partir daí a fonte é o site do órgão;pncp_api_consulta;sim;93b289eebfbf7885cbfa
4;sem_prazo_confirmado;;;atencao;SP;SP/Potim;PNCP — MUNICIPIO DE POTIM;CHAMAMENTO PÚBLICO 002 2026 - SELEÇÃO DE ORGANIZAÇÃO DA SOCIEDADE CIVIL (OSC) PARA A IMPLANTAÇÃO, OPERACIONALIZAÇÃO E GESTÃO DE UNIDADE DE ATENDIMENTO MÉDICO-VETERINÁRIO PÚBLICO NESTE MUNICÍPIO.;prazo de inscrição, página oficial;;portal de divulgação, não é a página oficial do edital: serve para descobrir o número do processo e o nome do órgão, e a partir daí a fonte é o site do órgão;pncp_api_consulta;sim;95888ca3f2ff49ada9b4
4;sem_prazo_confirmado;;;atencao;SC;SC/Chapecó;PNCP — FUNDO MUNICIPAL DE ASSISTENCIA SOCIAL DE CHAPECO;Seleção de propostas de planos de trabalho de Organizações da Sociedade Civil (OSC) para a celebração de Termo de Colaboração por meio de parceria em regime de cooperação para execução do Serviço de Acolhimento Institucional, na modalidade de Casa Lar, no Município de Chapecó-SC, com recursos do Fun;prazo de inscrição, página oficial;;portal de divulgação, não é a página oficial do edital: serve para descobrir o número do processo e o nome do órgão, e a partir daí a fonte é o site do órgão;pncp_api_consulta;sim;9690b9db02872397b25b
4;sem_prazo_confirmado;;;atencao;SC;SC/Guaramirim;PNCP — FUNDO MUNICIPAL DE ASSISTENCIA SOCIAL DE GUARAMIRIM;CHAMAMENTO PÚBLICO PARA SELEÇÃO DE ORGANIZAÇÕES DA SOCIEDADE CIVIL PARA EXECUÇÃO DE PROJETOS INOVADORES E/OU COMPLEMENTARES À POLÍTICA DE ASSISTÊNCIA SOCIAL E QUE TENHAM COMO PÚBLICO ALVO OS USUÁRIOS DO SISTEMA ÚNICO DE ASSISTÊNCIA SOCIAL - SUAS, ESPECIALMENTE AS FAMÍLIAS EM SITUAÇÃO DE VULNERABILID;prazo de inscrição, página oficial;;portal de divulgação, não é a página oficial do edital: serve para descobrir o número do processo e o nome do órgão, e a partir daí a fonte é o site do órgão;pncp_api_consulta;sim;985081b8a9c67099babc
4;sem_prazo_confirmado;;;atencao;MT;MT/Rondonópolis;PNCP — MUNICIPIO DE RONDONOPOLIS;EDITAL 04 - FOMENTO E PREMIAÇÃO PARA AGENTES CULTURAIS DO MUNICÍPIO, COM RECURSOS DO GOVERNO FEDERAL POR MEIO DA POLÍTICA NACIONAL ALDIR BLANC II DE FOMENTO À CULTURA, NO ÂMBITO DA LEI 14.399, DE 08 DE JULHO DE 2022.;prazo de inscrição;https://www.rondonopolis.mt.gov.br/lei-aldir-blanc-ciclo-2/;;;nao;a36ee8a76017ea615080
4;sem_prazo_confirmado;;;atencao;SC;SC/Rio dos Cedros;PNCP — MUNICIPIO DE RIO DOS CEDROS;SELEÇÃO DE PROJETOS PARA FIRMAR TERMO DE EXECUÇÃO CULTURAL COM RECURSOS DA POLÍTICA NACIONAL ALDIR BLANC DE FOMENTO À CULTURA - PNAB (LEI Nº 14.399/2022).;prazo de inscrição, página oficial;;portal de divulgação, não é a página oficial do edital: serve para descobrir o número do processo e o nome do órgão, e a partir daí a fonte é o site do órgão;pncp_api_consulta;sim;a71d80ef1339e87b7a93
4;sem_prazo_confirmado;;;atencao;RS;RS/Lagoa Vermelha;PNCP — MUNICIPIO DE LAGOA VERMELHA;EDITAL DE CHAMAMENTO PÚBLICO objetivando à seleção de ações ou atividades alusivas ao Calendário Oficial de Eventos do Município de Lagoa Vermelha, a serem realizados no quarto trimestre de ano de 2025, para a concessão de auxílio financeiro através de patrocínio, nos termos e cláusulas estabelecida;prazo de inscrição, página oficial;;portal de divulgação, não é a página oficial do edital: serve para descobrir o número do processo e o nome do órgão, e a partir daí a fonte é o site do órgão;pncp_api_consulta;sim;a902f9b63006946ca43e
4;sem_prazo_confirmado;;;atencao;PR;PR/Curitiba;;Chamamento público para seleção de interessados na utilização de espaços públicos para uso de estrutura física para uso de mão de obra prisional nos estabelecimentos penais na Regional de Curitiba no Estado do Paraná, mediante adesão às condições previstas na Minuta de Termo de Cooperação e Permissã;prazo de inscrição, página oficial;;portal de divulgação, não é a página oficial do edital: serve para descobrir o número do processo e o nome do órgão, e a partir daí a fonte é o site do órgão;pncp_api_consulta;sim;a9b37cf8858edb35a456
4;sem_prazo_confirmado;;;atencao;SP;SP/Iracemápolis;PNCP — MUNICIPIO DE IRACEMAPOLIS;Seleção de projetos para firmar Termo de Execução Cultural com recurso da Política Nacional Aldir Blanc de fomento à cultura – PNAB (Lei nº 14.399/2022);prazo de inscrição, página oficial;;portal de divulgação, não é a página oficial do edital: serve para descobrir o número do processo e o nome do órgão, e a partir daí a fonte é o site do órgão;pncp_api_consulta;sim;aa9366fa9ddcbbd6d421
4;sem_prazo_confirmado;;;atencao;SC;SC/Águas de Chapecó;PNCP — MUNICIPIO DE AGUAS DE CHAPECO;EDITAL DE CHAMAMENTO PÚBLICO DE SELEÇÃO E PREMIAÇÃO DE TRAJETÓRIA CULTURAL COM RECURSOS DA LEI COMPLEMENTAR 195/2022 (LEI PAULO GUSTAVO);prazo de inscrição, página oficial;;portal de divulgação, não é a página oficial do edital: serve para descobrir o número do processo e o nome do órgão, e a partir daí a fonte é o site do órgão;pncp_api_consulta;sim;b12e2d496ccd63d4d735
4;sem_prazo_confirmado;;;atencao;SP;SP/São José do Rio Preto;PNCP — MUNICIPIO DE SAO JOSE DO RIO PRETO;CHAMAMENTO PÚBLICO 05/2025 SMC/PNAB DE FLUXO ORDINÁRIO CONCENTRANDO O RECEBIMENTO , ANÁLISE E SELEÇÃO DE PROPOSTA EM PERÍODO DETERNINADO COM O OBJETIVO DE DESENVOLVEVR A REDE MUNICIPAL DE PONTOS E PONTÕES DE CULTURA DE SÃO JOSE DO RIO PRETO/SP POR MEIO DA POLITICA NACIONAL CULTURA VIVA.;prazo de inscrição, página oficial;;portal de divulgação, não é a página oficial do edital: serve para descobrir o número do processo e o nome do órgão, e a partir daí a fonte é o site do órgão;pncp_api_consulta;sim;b1ae48b981558670d3b6
4;sem_prazo_confirmado;;;atencao;SP;SP/Itatinga;PNCP — MUNICIPIO DE ITATINGA;Seleção de projetos culturais para firmar Termo de Execução Cultural com recursos do Saldo Remanescente da Política Nacional Aldir Blanc de Fomento à Cultura (PNAB) – Lei nº 14.399/2022, visando incentivar diversas manifestações culturais no Município de Itatinga/SP. - Proc. Administrativo 2.385/20;prazo de inscrição, página oficial;;portal de divulgação, não é a página oficial do edital: serve para descobrir o número do processo e o nome do órgão, e a partir daí a fonte é o site do órgão;pncp_api_consulta;sim;b49b8f6ea19527980e88
4;sem_prazo_confirmado;;;atencao;SP;SP/Indaiatuba;PNCP — MUNICIPIO DE INDAIATUBA;Chamamento Público visando à seleção de pessoas jurídicas de direito privado, incluindo empresas e entidades sem fins lucrativos, interessadas em participar e apoiar, de forma voluntaria e colaborativa, as ações de encerramento da Semana Nacional de Trânsito, que será realizada no dia 25 de setembro;prazo de inscrição, página oficial;;portal de divulgação, não é a página oficial do edital: serve para descobrir o número do processo e o nome do órgão, e a partir daí a fonte é o site do órgão;pncp_api_consulta;sim;b810b6141c26073ccf8f
4;sem_prazo_confirmado;;;atencao;AL;AL/Rio Largo;PNCP — MUNICIPIO DE RIO LARGO;1.1 Este Edital tem por objeto a seleção de projetos que promovam o acesso da população aos bens e aos serviços culturais nos territórios e comunidades onde atuam, nos termos da Política Nacional de Cultura Viva. 1.2 Poderão participar deste edital Pontos e Pontões de Cultura com constituição jurídi;prazo de inscrição, página oficial;;portal de divulgação, não é a página oficial do edital: serve para descobrir o número do processo e o nome do órgão, e a partir daí a fonte é o site do órgão;pncp_api_consulta;sim;b9aa532fe4f7c49694e6
4;sem_prazo_confirmado;;;atencao;;;;Continue lendo Santa Luzia do Paruá abre edital para impulsionar projetos socioambientais com recursos internacionais;prazo de inscrição;https://www.santaluziadoparua.ma.gov.br/licitacaolista.php?id=731;;portal_de_noticia_do_terceiro_setor;nao;bdb12843444ecfd292cf
4;sem_prazo_confirmado;;;atencao;AM;AM/Manaus;PNCP — FUNDO MUNICIPAL DE CULTURA;O OBJETO DESTE EDITAL É A SELEÇÃO DE 14 (QUATORZE) PROPOSTAS DE PROJETOS CULTURAIS PARA RECEBEREM APOIO FINANCEIRO NA CATEGORIA AUDIOVISUAL, COM RECURSOS DA POLÍTICA NACIONAL ALDIR BLANC DE FOMENTO À CULTURA – PNAB, DESTINADOS A APOIAR A CRIAÇÃO, PRODUÇÃO, DESENVOLVIMENTO, FINALIZAÇÃO, DIFUSÃO, FORM;prazo de inscrição, página oficial;;portal de divulgação, não é a página oficial do edital: serve para descobrir o número do processo e o nome do órgão, e a partir daí a fonte é o site do órgão;pncp_api_consulta;sim;c0a95ca4b6d893e95489
4;sem_prazo_confirmado;;;atencao;RJ;RJ/Rio de Janeiro;PNCP — COMANDO DA MARINHA;EDITAL DE CHAMAMENTO PÚBLICO N° 01/2026 PARA HABILITAÇÃO DE ASSOCIAÇÃO OU COOPERATIVA DE CATADORES DE MATERIAIS RECICLÁVEIS.;prazo de inscrição, página oficial;;portal de divulgação, não é a página oficial do edital: serve para descobrir o número do processo e o nome do órgão, e a partir daí a fonte é o site do órgão;pncp_api_consulta;sim;c341e8487e2aede9b832
4;sem_prazo_confirmado;;;atencao;DF;;PNCP — CONSELHO FEDERAL DE ENGENHARIA E AGRONOMIA;O presente Edital tem por objeto promover o Chamamento Público de pessoas físicas ou jurídicas de direito privado ou público para firmar aco;prazo de inscrição, página oficial;;portal de divulgação, não é a página oficial do edital: serve para descobrir o número do processo e o nome do órgão, e a partir daí a fonte é o site do órgão;pncp_api_consulta;sim;c398fe0f
4;sem_prazo_confirmado;;;atencao;RS;RS/Bento Gonçalves;PNCP — MUNICIPIO DE BENTO GONCALVES;SOLICITAÇÃO DE PUBLICAÇÃO DE CHAMAMENTO PÚBLICO - EDITAL LPG - PRÊMIO TRAJETÓRIAS CULTURAIS;prazo de inscrição, página oficial;;portal de divulgação, não é a página oficial do edital: serve para descobrir o número do processo e o nome do órgão, e a partir daí a fonte é o site do órgão;pncp_api_consulta;sim;c42691378940f7689f60
4;sem_prazo_confirmado;;;atencao;RS;RS/Bento Gonçalves;PNCP — MUNICIPIO DE BENTO GONCALVES;EDITAL DE CHAMAMENTO PÚBLICO, EM CONFORMIDADE COM A LEI FEDERAL Nº 14.399/2022, PARA A SELEÇÃO DE PROJETOS CULTURAIS PARA FIRMAR TERMO DE EXECUÇÃO CULTURAL, NAS CATEGORIAS: CATEGORIA 1 - FOMENTO À PROJETOS DE SERVIÇOS CULTURAIS E CATEGORIAS 2 - FOMENTO À PROJETOS DE SERVIÇOS CULTURAIS EM TERRITÓRIOS;prazo de inscrição, página oficial;;portal de divulgação, não é a página oficial do edital: serve para descobrir o número do processo e o nome do órgão, e a partir daí a fonte é o site do órgão;pncp_api_consulta;sim;c83b139e8756aab2229f
4;sem_prazo_confirmado;;;atencao;RO;RO/Cacoal;PNCP — MUNICIPIO DE CACOAL;CHAMAMENTO PÚBLICO DESTINADO A INSTITUIÇÕES SEM FINS LUCRATIVOS, COM ATIVIDADES VOLTADAS AO ACOLHIMENTO E CUIDADOS DE ANIMAIS VITIMAS DE MAUS TRATOS, QUE ALMEJAM RECEBER DOAÇÃO COM ENCARGO DE UM IMÓVEL PÚBLICO, COM ÁREA TOTAL DE RUA DAS ASSOCIAÇÕES BAIRRO JOSINO BRITO - CACOAL/RO.;prazo de inscrição, página oficial;;portal de divulgação, não é a página oficial do edital: serve para descobrir o número do processo e o nome do órgão, e a partir daí a fonte é o site do órgão;pncp_api_consulta;sim;c84b4b6d14a24f587635
4;sem_prazo_confirmado;;;atencao;BA;BA/Dias d'Ávila;PNCP — MUNICIPIO DE DIAS D'AVILA;Fomento de 01 (um) projeto cultural destinado à concepção, organização e execução de um Festival Multicultural, de caráter público e gratuito, a ser realizado em 01 (um) dia, envolvendo múltiplas linguagens artísticas e culturais, a exemplo de teatro, música, dança, fanfarras, circense, grupos cul;prazo de inscrição, página oficial;;portal de divulgação, não é a página oficial do edital: serve para descobrir o número do processo e o nome do órgão, e a partir daí a fonte é o site do órgão;pncp_api_consulta;sim;c8f4c982076d0dd9668f
4;sem_prazo_confirmado;;;atencao;MG;MG/Teófilo Otoni;;CREDENCIAMENTO DE ENTIDADES SEM FINS LUCRATIVOS ESPECIALIZADAS NA EXECUÇÃO DE AÇÕES ITINERANTES DE SAÚDE MEDIANTE DISPONIBILIZAÇÃO DE UNIDADE MÓVEL ESPECIALIZADA DEVIDAMENTE EQUIPADA, COM FORNECIMENTO INTEGRAL DE ESTRUTURA OPERACIONAL, LOGÍSTICA, INSUMOS, EQUIPAMENTOS, SISTEMAS, EQUIPE TÉCNICA, APOI;prazo de inscrição, página oficial;;plataforma_privada_de_licitacao: não serve como fonte de prazo, objeto, pagina_oficial. relocalizar o registro pela busca oficial do PNCP (familia pncp_busca) e usar a pagina do PNCP como pagina ofici;plataforma_privada_de_licitacao;nao;caccbb045e2574e343b3
4;sem_prazo_confirmado;;;atencao;MT;MT/Paranatinga;PNCP — MUNICIPIO DE PARANATINGA;SELEÇÃO DE ENTIDADE DE DIREITO PRIVADO, SEM FINS LUCRATIVOS, QUALIFICADA COMO ORGANIZAÇÃO DA SOCIEDADE CIVIL DE INTERESSE PÚBLICO – OSCIP PARA CELEBRAR TERMO DE PARCERIA PARA FORMAÇÃO DE VÍNCULO DE COOPERAÇÃO, VISANDO O FOMENTO E REALIZAÇÃO DE ATIVIDADES DE INTERESSE PÚBLICO NO DESENVOLVIMENTO DE PR;prazo de inscrição, página oficial;;plataforma_privada_de_licitacao: não serve como fonte de prazo, objeto, pagina_oficial. relocalizar o registro pela busca oficial do PNCP (familia pncp_busca) e usar a pagina do PNCP como pagina ofici;plataforma_privada_de_licitacao;nao;cfa2bfd4a77cf4ce804e
4;sem_prazo_confirmado;;;atencao;AM;AM/Manaus;PNCP — FUNDO MUNICIPAL DE CULTURA;O OBJETO DESTE EDITAL É A SELEÇÃO DE 14 (QUATORZE) PROPOSTAS DE PROJETOS CULTURAIS PARA RECEBEREM APOIO FINANCEIRO NA CATEGORIA MÚSICA NO MUNICÍPIO DE MANAUS, TENDO POR OBJETO A SELEÇÃO DE PROJETOS CULTURAIS VISANDO AO FOMENTO DA PRODUÇÃO, CIRCULAÇÃO, FORMAÇÃO, DIFUSÃO E VALORIZAÇÃO DA MÚSICA NO MUN;prazo de inscrição, página oficial;;portal de divulgação, não é a página oficial do edital: serve para descobrir o número do processo e o nome do órgão, e a partir daí a fonte é o site do órgão;pncp_api_consulta;sim;d13f7c2c4eaa5d17130b
4;sem_prazo_confirmado;;;atencao;CE;;PNCP — MUNICIPIO DE ACOPIARA;CHAMAMENTO PÚBLICO, EM CARÁTER EMERGENCIAL, DE ENTIDADES DE DIREITO PRIVADO, SEM FINS LUCRATIVOS, PARA SE QUALIFICAREM COMO ORGANIZAÇÃO SOCI;prazo de inscrição, página oficial;;portal de divulgação, não é a página oficial do edital: serve para descobrir o número do processo e o nome do órgão, e a partir daí a fonte é o site do órgão;pncp_api_consulta;sim;d19c6f46
4;sem_prazo_confirmado;;;atencao;AL;AL/Palmeira dos Índios;PNCP — MUNICIPIO DE PALMEIRA DOS INDIOS;O MUNICÍPIO DE PALMEIRA DOS ÍNDIOS, por intermédio da Secretaria Municipal de Cultura, torna público que realizará a Chamada Pública nº 04/2026, para abertura de inscrições para o Edital de Fomento Cultural nº 04/2026, visando a seleção de projetos para firmar termo de execução cultural com recursos;prazo de inscrição, página oficial;;portal de divulgação, não é a página oficial do edital: serve para descobrir o número do processo e o nome do órgão, e a partir daí a fonte é o site do órgão;pncp_api_consulta;sim;d21ce12871ba8c1ff04a
4;sem_prazo_confirmado;;;atencao;SC;SC/Anita Garibaldi;PNCP — FUNDO MUNICIPAL SAUDE ANITA GARIBALDI;CELEBRAÇÃO DE TERMO DE FOMENTO QUE TEM POR OBJETO REPAS SE FINANCEIRO A ASSOCIAÇÃO BENEFICENTE FREI ROGÉRIO.;prazo de inscrição, página oficial;;portal de divulgação, não é a página oficial do edital: serve para descobrir o número do processo e o nome do órgão, e a partir daí a fonte é o site do órgão;pncp_api_consulta;sim;d3030fab3b9dc994dd70
4;sem_prazo_confirmado;;;atencao;MA;;PNCP — MUNICIPIO DE CAXIAS;[Portal de Compras Públicas] - Formalização de termo de colaboração de finalidade de interesse público e recíproco que envolve a execução do;prazo de inscrição, página oficial;;plataforma_privada_de_licitacao: não serve como fonte de prazo, objeto, pagina_oficial. relocalizar o registro pela busca oficial do PNCP (familia pncp_busca) e usar a pagina do PNCP como pagina ofici;plataforma_privada_de_licitacao;nao;d68b52c1
4;sem_prazo_confirmado;;;atencao;SE;SE/Nossa Senhora do Socorro;PNCP — MUNICIPIO DE NOSSA SENHORA DO SOCORRO;CHAMAMENTO PÚBLICO PARA O FOMENTO DE AÇÕES ARTÍSTICAS E CULTURAIS COM RECURSOS DA POLÍTICA NACIONAL ALDIR BLANC (PNAB) POR MEIO DA SELEÇÃO DE PROJETOS APRESENTADOS PELOS AGENTES CULTURAIS DE NOSSA SENHORA DO SOCORRO/SE.;prazo de inscrição, página oficial;;portal de divulgação, não é a página oficial do edital: serve para descobrir o número do processo e o nome do órgão, e a partir daí a fonte é o site do órgão;pncp_api_consulta;sim;d6d7c11b64f398ad3612
4;sem_prazo_confirmado;;;atencao;SP;SP/Araras;PNCP — MUNICIPIO DE ARARAS;Chamamento Público para habilitação de associações, cooperativas e/ou empresas/indústrias, visando ao recebimento de documentos (resíduos recicláveis e reutilizáveis) autorizados para descarte do Arquivo Geral da Prefeitura Municipal de Araras.;prazo de inscrição, página oficial;;portal de divulgação, não é a página oficial do edital: serve para descobrir o número do processo e o nome do órgão, e a partir daí a fonte é o site do órgão;pncp_api_consulta;sim;d745ecf4c07740d46779
4;sem_prazo_confirmado;;;atencao;PR;PR/Nova Esperança;PNCP — MUNICIPIO DE NOVA ESPERANCA;Chamamento Público para a Seleção de projetos voltados à promoção e defesa dos direitos da infância e da adolescência apresentados por Organizações da Sociedade Civil, devidamente registrados junto ao CMDCA, com recursos do Fundo Municipal dos Direitos da Criança e do Adolescente – FMDCA, do municíp;prazo de inscrição, página oficial;;portal de divulgação, não é a página oficial do edital: serve para descobrir o número do processo e o nome do órgão, e a partir daí a fonte é o site do órgão;pncp_api_consulta;sim;d7977d9e266e84117b68
4;sem_prazo_confirmado;;;atencao;SC;;PNCP — MUNICIPIO DE BALNEARIO ARROIO DO SILVA;O Objeto do presente edital de chamamento público é o processo de seleção de Empreendedores Familiares Rurais, Grupos Formais de Agricultore;prazo de inscrição, página oficial;;portal de divulgação, não é a página oficial do edital: serve para descobrir o número do processo e o nome do órgão, e a partir daí a fonte é o site do órgão;pncp_api_consulta;sim;d846d4f3
4;sem_prazo_confirmado;;;atencao;RS;RS/Novo Hamburgo;PNCP — MUNICIPIO DE NOVO HAMBURGO;"CHAMAMENTO PÚBLICO CULTURAL Nº 08/2024 - Edital de fomento à projetos continuados de Pontos de Cultura (PNAB) Cultura Viva do Tamanho do Brasil, para o desenvolvimento da ""REDE MUNICIPAL DE PONTOS DE CULTURA DE NOVO HAMBURGO"" por meio da Política Nacional de Cultura Viva (PNCV), instituída pela Lei";prazo de inscrição, página oficial;;portal de divulgação, não é a página oficial do edital: serve para descobrir o número do processo e o nome do órgão, e a partir daí a fonte é o site do órgão;pncp_api_consulta;sim;dcb954069dd462c887e4
4;sem_prazo_confirmado;;;atencao;RS;RS/Bento Gonçalves;PNCP — FUNDACAO CASA DAS ARTES DE BENTO GONCALVES;CRIAÇÃO DE CHAMAMENTO PÚBLICO PARA PESSOAS JURÍDICAS, COM OU SEM FINS LUCRATIVOS (LIVREIROS, DISTRIBUIDORAS E EDITORAS), PARA EXPOSIÇÃO E COMERCIALIZAÇÃO DE MATERIAIS LITERÁRIOS NA 39ª FEIRA DO LIVRO DE BENTO GONÇALVES;prazo de inscrição, página oficial;;portal de divulgação, não é a página oficial do edital: serve para descobrir o número do processo e o nome do órgão, e a partir daí a fonte é o site do órgão;pncp_api_consulta;sim;e177587a928805d87bee
4;sem_prazo_confirmado;;;atencao;SC;SC/Mirim Doce;PNCP — MUNICIPIO DE MIRIM DOCE;Seleção de projetos culturais de AUDIOVISUAL e, de acordo com o inciso II do artigo 6º da Lei Complementar nº 195/2022 (Lei Paulo Gustavo) Apoio a Salas de Cinema, por meio da celebração de Termo de Execução Cultural, para receberem apoio financeiro, conforme regras definidas no edital de chamamento;prazo de inscrição, página oficial;;portal de divulgação, não é a página oficial do edital: serve para descobrir o número do processo e o nome do órgão, e a partir daí a fonte é o site do órgão;pncp_api_consulta;sim;e67942d24ca18fb9e97d
4;sem_prazo_confirmado;;;atencao;SP;SP/São José do Rio Preto;PNCP — MUNICIPIO DE SAO JOSE DO RIO PRETO;CHAMAMENTO PÚBLICO 06/2025 SMC/PNAB DE FLUCO ORDINÁRIO CONCENTRANDO O RECEBIMENTO , ANÁLISE E SELEÇÃO DE PROPOSTA EM PERÍODO DETERNINADO COM O OBJETIVO DE DESENVOLVEVR A REDE MUNICIPAL DE PONTOS E PONTÕES DE CULTURA DE SÃO JOSE DO RIO PRETO/SP POR MEIO DA POLITICA NACIONAL CULTURA VIVA.;prazo de inscrição, página oficial;;portal de divulgação, não é a página oficial do edital: serve para descobrir o número do processo e o nome do órgão, e a partir daí a fonte é o site do órgão;pncp_api_consulta;sim;e8df77e31a73d7557c2f
4;sem_prazo_confirmado;;;atencao;BA;BA/Alagoinhas;PNCP — MUNICIPIO DE ALAGOINHAS;CHAMAMENTO PÚBLICO PARA CONCESSÃO DE APOIO FINANCEIRO PARA REALIZAÇÃO DE PROJETOS DE AUDIOVISUAL, POR MEIO DE TERMO DE EXECUÇÃO CULTURAL, COM BASE NA LEI COMPLEMENTAR 195/2022 – LEI PAULO GUSTAVO – EDITAL DE QUALIFICAÇÃO EM AUDIOVISUAL E REALIZAÇÃO DE FESTIVAL E MOSTRA DE PRODUÇÕES AUDIOVISUAIS;prazo de inscrição, página oficial;;portal de divulgação, não é a página oficial do edital: serve para descobrir o número do processo e o nome do órgão, e a partir daí a fonte é o site do órgão;pncp_api_consulta;sim;ef09d597d6e5d87b28bd
4;sem_prazo_confirmado;;;atencao;PA;PA/Belterra;PNCP — MUNICIPIO DE BELTERRA;SELEÇÃO DE PROJETOS PARA FIRMAR TERMO DE EXECUÇÃO CULTURAL COM RECURSOS DA POLÍTICA NACIONAL ALDIR BLANC DE FOMENTO À CULTURA – PNAB (LEI Nº 14.399/2022) – CICLO 2;prazo de inscrição, página oficial;;portal de divulgação, não é a página oficial do edital: serve para descobrir o número do processo e o nome do órgão, e a partir daí a fonte é o site do órgão;pncp_api_consulta;sim;f23f77917aa8ab75ca26
4;sem_prazo_confirmado;;;atencao;RS;RS/Lagoa Vermelha;PNCP — MUNICIPIO DE LAGOA VERMELHA;CHAMAMENTO PÚBLICO, EM CONFORMIDADE COM A LEI 13.019/14, OBJETIVANDO A CELEBRAÇÃO DE TERMO DE COLABORAÇÂO DE FOMENTO À ATIVIDADES ESPORTIVAS DE FUTEBOL DE CAMPO E FUTSAL, CONTRIBUINDO PARA O APRIMORAMENTO DA PROMOÇÃO DA SAÚDE, SOCIABILIZAÇÃO, CONSTRUÇÃO DE VALORES MORAIS E ÉTICOS, RECREAÇÃO E LAZER.;prazo de inscrição, página oficial;;portal de divulgação, não é a página oficial do edital: serve para descobrir o número do processo e o nome do órgão, e a partir daí a fonte é o site do órgão;pncp_api_consulta;sim;faec894c6ef6362b7f2a
4;sem_prazo_confirmado;;;atencao;RS;RS/Novo Hamburgo;PNCP — MUNICIPIO DE NOVO HAMBURGO;"CHAMAMENTO PÚBLICO CULTURAL Nº 09/2024 - EDITAL DE PREMIAÇÃO DE PONTOS DE CULTURA (PNAB) - CULTURA VIVA DO TAMANHO DO BRASIL! Chamamento Público para premiação de Pontos de Cultura, para o desenvolvimento da ""Rede Municipal de Pontos de Cultura de Novo Hamburgo"", por meio da Política Nacional de Cu";prazo de inscrição, página oficial;;portal de divulgação, não é a página oficial do edital: serve para descobrir o número do processo e o nome do órgão, e a partir daí a fonte é o site do órgão;pncp_api_consulta;sim;fe6d577d2a1fd4c103a2
4;sem_prazo_confirmado;;;atencao;RJ;RJ/Pinheiral;PNCP — MUNICIPIO DE PINHEIRAL;EDITAL DE SELEÇÃO DE PROJETOS CULTURAIS PARA FIRMAR TERMO DE EXECUÇÃO CULTURAL COM RECURSOS DA POLÍTICA NACIONAL ALDIR BLANC DE FOMENTO À CULTURA – PNAB (LEI Nº 14.399/2022) DA PREFEITURA MUNICIPAL DE PINHEIRAL/RJ;prazo de inscrição, página oficial;;portal de divulgação, não é a página oficial do edital: serve para descobrir o número do processo e o nome do órgão, e a partir daí a fonte é o site do órgão;pncp_api_consulta;sim;ff227bbb17704f0973bb
5;sem_prazo_confirmado;;;ruido;;;;;objeto, prazo de inscrição, página oficial;;nenhum endereço capturado;;nao;ee43e08f
