orgao;unidade;tipo_fonte;url;abre_sem_login;robots;tipo_pagina;como_ver_antigos;frequencia;rota;observacao
MP-GO;COMPOR — Centro de Autocomposição de Conflitos e Segurança Jurídica (Programa Destina / Projeto DAAMP);primaria;https://www.mpgo.mp.br/portal/conteudo/destina-destinacao-articulada-de-acordos-edital-n-02-2024;sim;proibe;edital;"não há listagem de editais anteriores na página; edital vigente até o próximo ato convocatório";"edital de cadastro de fluxo contínuo (nº 02/2024 ainda vigente em 02/10/2026); destinações caso a caso, sem calendário";computador_do_titular;"robots.txt do mpgo.mp.br: 'User-agent: *  Disallow: /' (só Googlebot, Slurp, msnbot e Twitterbot têm regras próprias). Robô do Eldorado NÃO pode ler o site; da nuvem a conexão também expira (sondagem de 02/10). Lido uma vez pelo navegador do titular para este estudo. Links da página: Ato PGJ 58/2025, Edital 02/2024, Anexos I, II e III (endereços não extraídos — extensão do navegador instável)."
MP-GO;Portal;regra;https://www.mpgo.mp.br/robots.txt;sim;proibe;regra;—;—;computador_do_titular;"proíbe todo robô genérico (Disallow: /); a nuvem não conecta (timeout)"
MPT-GO;PRT 18ª Região (Goiânia e PTM Anápolis);primaria;https://www.prt18.mpt.mp.br/servicos/editais-de-destinacao-de-recursos-bens;sim;permite;listagem;"tabela paginada por JavaScript (10/20/30 por página; 43 editais de 17/12/2025 a 01/10/2026); filtro por número do edital e do procedimento; cada linha tem PDF em ?task=baixa&format=raw&arq=<token>";cerca de 4 a 5 editais por mês em 2026 (43 em 9,5 meses), com picos em jan-fev, mar-mai e jun-jul;computador_do_titular;"a tabela é carregada por JavaScript: pela nuvem só vem o cabeçalho 'Carregandos dados do servidor'. Lida no navegador do titular; PDFs com texto (pdf.js)."
MPT-GO;PRT 18ª Região;secundaria;https://www.prt18.mpt.mp.br/servicos/entidades-assistenciais;sim;permite;listagem;lista atual (57 habilitadas), sem histórico;atualizada conforme deferimentos;computador_do_titular;"lista de entidades habilitadas a receber; a A.M.C. Jardim América NÃO consta (02/10/2026). Tabela por JavaScript."
MPT-GO;PRT 18ª Região;secundaria;https://www.prt18.mpt.mp.br/servicos/prestacao-de-contas-de-destinacoes;sim;permite;listagem;tabela paginada por JavaScript (1.090 registros);diária a semanal;computador_do_titular;prestação de contas das destinações feitas (mostra quem recebeu e quando, pelo procedimento)
MPT-GO;PRT 18ª Região (Goiânia/GO);regra;https://www.prt18.mpt.mp.br/informe-se/doacoes-convenios;sim;permite;regra;pagina fixa;pagina estatica;nuvem;'Documentos e informacoes para solicitar a reversao de bens e recursos': link para cadastro em https://destinacoes.mpt.mp.br/home e tutorial PDF em /images/ (proibido pelo robots, nao baixado).
MPT-GO;PRT 18ª Região (Goiânia/GO);regra;https://www.prt18.mpt.mp.br/informe-se/tutorial-do-sistema-de-destinacoes-do-mpt;sim;permite;regra;"pagina fixa; atos publicados em nov/2025";atualizada em 19/11/2025 (data do tutorial);nuvem;"Lista Tutorial (Cadastro Externo), ATO NORMATIVO EDITAL 24/2025 e ATO NORMATIVO PORTARIA 124/2025, todos em /images/Ascom/2025/11-Novembro/ (proibido pelo robots; so links registrados)."
MPT-GO;PRT 18ª Região (Goiânia/GO);regra;https://www.prt18.mpt.mp.br/15-servicos/99-cadastro-de-entidades;sim;permite;regra;pagina fixa (2014);estatica;nuvem;Resolucao/portaria antiga do Procurador-Chefe sobre criterios de destinacao (publicada 23/06/2014). Provavelmente substituida pela Portaria 124/2025 (nao confirmado).
MPT-GO;PRT 18ª Região (Goiânia/GO);regra;https://www.prt18.mpt.mp.br/16-transparencia/90-programas-projetos-acoes-obras-e-atividades;sim;permite;regra;pagina fixa;estatica;nuvem;"Cita Portaria PRT18 n 50/2014 (cadastro de entidades aptas); PDF em /images/arquivos/050-2014CadastroDeEntidades.pdf (proibido, nao baixado)."
MPT-GO;PRT 18ª Região (Goiânia/GO);secundaria;https://www.prt18.mpt.mp.br/informe-se/noticias-do-mpt-go;sim;permite;noticia;"Paginacao ?start=N (5 por pagina; ultima ?start=970) e busca interna https://www.prt18.mpt.mp.br/component/search/?searchword=TERMO&searchphrase=all&ordering=newest&limit=100";"~3-5 noticias/semana (ids 1139-1143 entre 16/09 e 01/10/2026); noticias de destinacao ~1-2/mes";nuvem;"Onde o MPT-GO anuncia editais de chamamento (ex.: id 1107, 26/02/2026) e resultados de destinacoes. Busca interna funciona via WebFetch (/component/ nao e proibido; /components/ e)."
MPT nacional;Sistema de Destinacoes (nacional);primaria;https://destinacoes.mpt.mp.br/;"sim (pagina inicial); cadastro exige conta";sem_robots;listagem;desconhecido;nao estimavel;computador_do_titular;"Aplicacao JavaScript ('nao funciona adequadamente sem o JavaScript'); robots.txt devolve a propria SPA. Nao fiz login nem cadastro. E o sistema onde a entidade se cadastra (rota /home)."
MPT nacional;PGT - Noticias;secundaria;https://mpt.mp.br/search_rss?SearchableText=edital+cadastramento+entidades&sort_on=Date&sort_order=reverse;sim;permite;noticia;"Busca Plone com RSS ordenado por data; variar SearchableText; paginacao b_start";noticias de editais/cadastros regionais: ~1 a cada 1-2 meses (jun/2025 a ago/2026);nuvem;"O corpo das noticias em mpt.mp.br/pgt/noticias/* NAO e entregue ao WebFetch (so cabecalho); o RSS de busca traz titulo, data e resumo truncado. Robots: '*' sem restricao (restricoes so para Googlebot)."
MPT nacional;PGT - Noticias;secundaria;https://mpt.mp.br/pgt/noticias/RSS;sim;permite;noticia;RSS das 15 ultimas;diaria;nuvem;"Feed geral; filtrar por 'destina', 'cadastro', 'edital'."
MPT nacional;PGT - GT Reversoes;regra;https://mpt.mp.br/pgt/noticias/nota-tecnica-no-9-2025-gt-reversoes-decisao-cautelar-stf-adpf-944.pdf;sim;permite;pdf;-;pontual;nuvem;Nota Tecnica 9/2025 do GT Reversoes sobre a cautelar do STF na ADPF 944 (lida).
MPT nacional;Diario Eletronico do MPT;primaria;https://diario.mpt.mp.br;nao verificado;sem_robots;diario;desconhecido;desconhecido;computador_do_titular;"Dominio nao resolveu (DNS 'Name or service not known') pelo WebFetch; endereco correto do DMPT nao confirmado."
MPF;PR-GO;secundaria;https://www.mpf.mp.br/o-mpf/unidades/pr-go/noticias;sim;permite;listagem;"Paginação ?b_start:int=10, 20, 30... (10 por página); chega a 2025 por volta de b_start=50-60";"Várias notícias/mês; notícias de destinação/doação: 09/10/2025, 28/10/2025, 28/11/2025";nuvem;"Fonte onde apareceu o chamamento de cadastro (09/10/2025). A antiga URL https://www.mpf.mp.br/go retorna 404; o caminho atual é /o-mpf/unidades/pr-go."
MPF;PR-GO;primaria;https://www.mpf.mp.br/o-mpf/unidades/pr-go/transparencia/bens-para-doacao;sim;permite;listagem;"Página única com editais de 2016, 2018, 2019 e 2025 e pasta docs-bens-para-doacao; o edital 1/2023 está em /transparencia/licitacoes/ano-2023/";Cerca de 1 edital de doação de bens por ano (2023, 2025);nuvem;Doação de bens móveis do próprio MPF (ociosos/antieconômicos), não é reparação de dano, mas OSCIP e entidades sem fins lucrativos podem receber.
MPF;PR-GO;primaria;https://www.mpf.mp.br/o-mpf/unidades/pr-go/transparencia;sim;permite;listagem;Subpáginas: bens-para-doacao, contratacoes-diretas, licitacoes, registro-de-precos;Irregular;nuvem;Não existe subpágina 'destinação de bens e valores' na PR-GO (URL /pr-go/destinacao-de-bens-e-valores dá 404), ao contrário de PR-BA, PR-SE, PR-MG e PR-RS.
MPF;PR-GO;secundaria;https://www.mpf.mp.br/o-mpf/unidades/pr-go/noticias/mpf-em-goias-cadastra-entidades-e-orgaos-publicos-para-recebimento-bens-e-valores-decorrentes-da-atuacao-da-instituicao;sim;permite;noticia;N/A;Por regra, edital a cada 2 anos (Portaria PGR/MPF 1.097/2024, art. 2º);nuvem;O link do edital e anexos I a IV (https://www.mpf.mp.br/docs/edital-de-chamamento-para-recebimento-de-bens-e-valores) retornou 404 em 02/10/2026.
MPF;PGR / nacional;regra;https://www.mpf.mp.br/atuacao/ccr4/normas/copy_of_portarias/portarias-2024/Portaria10972024PGRMPF.pdf/view;sim;permite;pdf;N/A;Norma única (12/11/2024);nuvem;Portaria PGR/MPF nº 1.097/2024. Li a cópia publicada pela PR-BA: https://www.mpf.mp.br/o-mpf/unidades/pr-ba/destinacao-de-bens-e-valores/docs/portariapgrmpfn1-097.pdf
MPF;nacional (busca);secundaria;https://www.mpf.mp.br/search?SearchableText=edital+chamamento+recebimento+bens+valores;sim;permite;listagem;"Paginação da busca (b_start); filtro por path não funcionou";N/A;nuvem;Busca do portal (Plone). Achou editais de outras PRs: BA 92/2025, SE 1/2025, RS 11/2025, RJ 5/2025, PB 1/2025, SC 6/2026, MG portaria 119/2025. Nenhum resultado da PR-GO.
MPF;PR-BA (modelo);primaria;https://www.mpf.mp.br/o-mpf/unidades/pr-ba/destinacao-de-bens-e-valores;sim;permite;listagem;Página única;Edital bienal;nuvem;Modelo de página dedicada, com edital, portaria local, formulário .odt e passo a passo no MPF Serviços (exige gov.br).
MPF;nacional;secundaria;https://www.mpf.mp.br/servicos/mpf-servicos;sim;permite;listagem;N/A;N/A;nuvem;O protocolo eletrônico usado no cadastro exige login gov.br (selo bronze). Não acessei e não preenchi formulário.
MPDFT;PGJ / Cema / Apma / Semas;secundaria;https://www.mpdft.mp.br/portal/index.php/tags/medidas-alternativas;sim;permite;listagem;"Paginação ?start=7, 14...; volta até 2024";Notícias de destinação a cada 1-3 meses (03/2024, 08/2024, 02/2025, 10/2025, 02/2026, 03/2026, 06/2026, 07/2026, 09/2026);nuvem;Melhor fonte para acompanhar o Edital PGJ 1/2026 e as destinações das Semas.
MPDFT;PGJ / Cema;primaria;https://www.mpdft.mp.br/portal/images/pdf/unidades/cema/edital_1_2026_formacao_cadastro_pessoas_juridicas_direito_privado_sem_fins_lucrativos.pdf;nao verificado;proibe;pdf;N/A;Edital de 2026 (o primeiro achado);computador_do_titular;O robots.txt do MPDFT bloqueia /portal/images/, por isso não li. O titular deve abrir manualmente.
MPDFT;PGJ / Cema;primaria;https://www.mpdft.mp.br/portal/images/noticias/setembro_2026/sei_4123038_despacho_administrativo_2_2.pdf;nao verificado;proibe;pdf;N/A;N/A;computador_do_titular;Despacho com as 51 entidades habilitadas. Bloqueado pelo robots (/portal/images/), não li.
MPDFT;Cema;regra;https://www.mpdft.mp.br/portal/index.php/conhecampdft-menu/cema;sim;permite;regra;Subpáginas 6252-6259;Estática;nuvem;Inclui 'Como se tornar uma instituição parceira' (contato com a Sema regional) e 'Institutos processuais' (art. 43 CP, Lei 9.099/95). O Sistema Parceiro (https://www.mpdft.mp.br/landing-parceiro/) deu erro de fetch.
MPDFT;Portal Medidas Alternativas;secundaria;https://mpdft.mp.br/portal-medidas-alternativas/;nao verificado;permite;listagem;N/A;N/A;computador_do_titular;Deu 'too many redirects' no WebFetch. É citado na notícia de 30/03/2026 como local de publicação do edital.
MPDFT;várias promotorias;primaria;https://www.mpdft.mp.br/transparencia/index.php?item=tac;sim;permite;listagem;"Filtro por ano: 2024, 2025, 2026; TACs anteriores a 2024 em /portal/index.php/mpdft-acao/termos-de-ajustamento-de-conduta";Vários TACs/mês (ex.: 09/04, 12/06, 09/07, 06/08/2026);nuvem;Nenhum TAC visível tem chamamento de entidades. É ruído para captação, útil só para monitorar.
MPDFT;Sala de imprensa;secundaria;https://www.mpdft.mp.br/portal/index.php/comunicacao-menu/sala-de-imprensa/noticias/noticias-2026-completo;sim;permite;listagem;"?start=N (offset; cerca de 30 por página; abril/2026 fica entre start=330 e 390)";Diária;nuvem;Varredura de março a maio/2026 sem notícia específica de abertura de inscrições.
MPM;PGJM / PJMs;secundaria;https://www.mpm.mp.br/notificacoes/;sim;permite;listagem;Tabela única com cerca de 61 editais (02/2025 a 09/2026);Vários por mês;nuvem;São editais de notificação processual, não de destinação. É ruído.
MPM;portal;secundaria;https://www.mpm.mp.br/?s=presta%C3%A7%C3%A3o+pecuni%C3%A1ria;sim;permite;listagem;Busca WordPress (?s=);N/A;nuvem;Não há edital nem cadastro de entidades. Há notícias pontuais de ANPP com prestação a entidade.
MPM;SPDV;regra;https://www.mpm.mp.br/spdv/;sim;permite;regra;Categorias ?cat=1..5;Estática;nuvem;Secretaria de Promoção dos Direitos das Vítimas (Portaria PGJM 241/2022). Sem cadastro de entidades.
MPU;portal;secundaria;https://www.mpu.mp.br/sitemap;sim;permite;listagem;N/A;N/A;nuvem;A home veio vazia no WebFetch. O sitemap não mostra destinação de recursos nem editais para entidades (só concursos e contratações).
Ministério da Justiça e Segurança Pública;Senacon / CFDD - Fundo de Defesa de Direitos Difusos;primaria;https://www.gov.br/mj/pt-br/assuntos/seus-direitos/consumidor/direitos-difusos;sim;"gov.br/robots.txt permite conteúdo anônimo; bloqueia busca/formulários e /economia/pt-br/internet/*";listagem;Menu 'Seleções Anteriores' (desde 2015);"Página-índice; atualizações esparsas";nuvem;Página-capa com menu: Seleções em Andamento, Seleções Anteriores, Legislação, Reuniões do CFDD, Manual e Orientações, Dúvidas Frequentes, Convênios e Transferências.
Ministério da Justiça e Segurança Pública;CFDD;primaria;https://www.gov.br/mj/pt-br/assuntos/seus-direitos/consumidor/direitos-difusos/selecao-em-andamento;sim;permitido;listagem;Ver /selecoes-anteriores;"Rara: último edital 24/10/2023; página atualizada 07/08/2026 com 'Não há'";nuvem;Em 02/10/2026 exibe 'Não há' seleção em andamento. É a página-alvo para detectar novo edital.
Ministério da Justiça e Segurança Pública;CFDD;primaria;https://www.gov.br/mj/pt-br/assuntos/seus-direitos/consumidor/direitos-difusos/selecoes-anteriores;sim;permitido;listagem;Lista única 2015-2023 com links de edital, erratas e resultados;Editais em 2015, 2017, 2018, 2019 (3), 2020 (2, inscrições em 2022), 2022 (OSC p/ compor CFDD), 2023 (2). Nenhum em 2024-2026.;nuvem;PDFs servidos no próprio gov.br, legíveis via WebFetch.
Ministério da Justiça e Segurança Pública;CFDD;primaria;https://www.gov.br/mj/pt-br/assuntos/seus-direitos/consumidor/direitos-difusos/reunioes-do-cfdd/anexos-atas;sim;permitido;listagem;Atas por ano (2023, 2024, 2025, 2026) na mesma página;"Mensal (última quinta-feira); calendário 2026 publicado: 293ª 29/01 a 304ª 17/12/2026";nuvem;Atas mostram admissibilidade/aprovação de projetos fora de edital (fluxo de propostas de órgãos públicos). Algumas atas são PDF-imagem sem texto (ex.: 284ª).
Ministério da Justiça e Segurança Pública;CFDD;regra;https://www.gov.br/mj/pt-br/assuntos/seus-direitos/consumidor/direitos-difusos/legislacao;sim;permitido;regra;n/a;Atualizada 29/07/2026;nuvem;Lei 7.347/1985, Lei 9.008/1995, Decreto 1.306/1994, Res. CFDD 29/2013 (carta-consulta), Res. CFDD 31/2018 (hierarquização), Lei 13.019/2014.
Ministério da Justiça e Segurança Pública;CFDD;regra;https://www.gov.br/mj/pt-br/assuntos/seus-direitos/consumidor/direitos-difusos/duvidas-frequentes;sim;permitido;regra;n/a;Atualizada 20/01/2026;nuvem;"Proponentes: entes públicos e OSC via editais periódicos; envio pelo Transferegov."
Ministério da Justiça e Segurança Pública;CFDD;regra;https://www.gov.br/mj/pt-br/assuntos/seus-direitos/consumidor/direitos-difusos/manual-e-orientacoes;sim;permitido;pdf;n/a;"Manual 2020; Orientações 2023";nuvem;Manual de Elaboração de Projetos FDD 2020 e Orientações Gerais 2023 (contrapartida 0,1% a 20% calculada pela plataforma).
Ministério da Justiça e Segurança Pública;CFDD;secundaria;https://www.gov.br/mj/pt-br/assuntos/seus-direitos/consumidor/direitos-difusos/convenios-e-transferencias;sim;permitido;listagem;Redireciona a Portal da Transparência / painel Transferegov;n/d;computador_do_titular;Dados efetivos em painéis externos (transparencia.gov.br / Transferegov) que dependem de JavaScript.
Ministério da Justiça e Segurança Pública;SAJU - Secretaria de Acesso à Justiça;secundaria;https://www.gov.br/mj/pt-br/assuntos/seus-direitos/saju/editais-e-convenios/editais;sim;permitido;listagem;Lista única 2023-2026;Vários por ano (atualizada 18/08/2026);nuvem;Nenhum edital ligado ao FDD/CFDD. Editais de bolsas, residência jurídica, antologias e prêmios (ex.: Edital 1/2026 iniciativas de defensores públicos). Fora do tema: RUIDO para FDD.
Conselho Nacional do Ministério Público;CNMP - Resoluções;regra;https://www.cnmp.mp.br/portal/images/Resolucoes/Resolu%C3%A7%C3%A3o-179.pdf;sim;cnmp.mp.br/robots.txt retorna 404 (sem restrições declaradas);regra;n/a;Norma de 26/07/2017;nuvem;PDF lido é o texto ORIGINAL (não compilado). Alterações posteriores não verificadas.
Conselho Nacional do Ministério Público;CNMP - Atos e Normas;regra;https://www.cnmp.mp.br/portal/atos-e-normas;sim;sem robots.txt (404);listagem;"Busca por número/ano/situação (formulário); base Aptus https://consulta.cnmp.mp.br/aptus/cnmp exige JavaScript";Contínua;computador_do_titular;"Parâmetros de URL ignorados pela busca; Aptus é Angular (JS). Para localizar versão compilada da Res. 179 e alterações, consultar no navegador."
Imprensa Nacional;Diário Oficial da União;primaria;https://www.in.gov.br;sim;robots.txt não pôde ser lido pela ferramenta (ROBOTS_DISALLOWED/falha de parse) - não acessado;diario;Busca do DOU por termo/data (JS);Diária;computador_do_titular;"Editais CFDD/FDD (Seção 3) e atas do CFDD são publicados no DOU. Busca exige JS e robots não legível; não consultado."
Presidência da República;Planalto - Legislação;regra;https://www.planalto.gov.br/ccivil_03/leis/L7347Compilada.htm;sim;"não verificado separadamente; página pública de legislação";regra;n/a;n/a;nuvem;Art. 13 da Lei 7.347/1985 (texto compilado). Decreto 1.306/1994 também lido.
Conselho Nacional de Justiça;Atos normativos;regra;https://atos.cnj.jus.br/atos;nao verificado;não verificado;regra;n/d;n/d;computador_do_titular;"HTTP 403 para a ferramenta; necessário para verificar eventual Resolução Conjunta CNJ/CNMP sobre destinação de recursos."
