data_publicacao;data_consulta;orgao;unidade;numero;titulo;objeto;areas;valor;inscricao_inicio;inscricao_fim;prazo_recurso;resultado;quem_pode;documentos;link_oficial;link_pdf;fonte_encontrada;classificacao;motivo
2026-10-01;2026-10-02;MPT-GO;PTM Anápolis (PRT 18ª Região);Edital 009220.2026 — procedimento 000037.2019.18.003-6;Edital para indicação de destinação de recursos ou bens;indicação de destinatários de bens ou valores decorrentes da atuação do MPT (TAC, execução de TAC ou ação civil pública), com apresentação de projeto social;"defesa de interesses difusos trabalhistas; pertinência temática com o objeto do procedimento";até R$ 94.428,74;2026-10-01;;;;pessoa jurídica de direito privado, órgãos públicos, organismos internacionais e fundos legalmente constituídos (Res. Conjunta CNJ/CNMP 10/2024 e Res. CSMPT 232/2025);"cadastro prévio no Sistema de Destinações (Edital PRT18 nº 24/2025); projeto social (nome, qualificação da entidade e do representante, descrição, valores ou bens, cronograma e custos por etapa); documentos de constituição; certidões tributária, previdenciária e de FGTS; declaração de inexistência de parentes de membros do Judiciário/MP na administração";https://www.prt18.mpt.mp.br/servicos/editais-de-destinacao-de-recursos-bens;https://www.prt18.mpt.mp.br/servicos/editais-de-destinacao-de-recursos-bens (linha do edital 009220.2026: botão 'abrir/salvar' — o endereço traz token de download);primária — listagem da PRT 18ª Região, lida no navegador do titular;OPORTUNIDADE;"prazo de 5 dias contado da publicação em 01/10/2026: aberto em 02/10/2026; o edital não diz se os dias são úteis ou corridos"
2026-09-25;2026-10-02;MPT-GO;PTM Anápolis (PRT 18ª Região);Edital 009282.2026 — procedimento 000558.2026.18.003-7;Edital para indicação de destinação de recursos ou bens;indicação de destinatários de bens ou valores decorrentes da atuação do MPT (TAC, execução de TAC ou ação civil pública), com apresentação de projeto social;"defesa de interesses difusos trabalhistas; pertinência temática com o objeto do procedimento";R$ 150.000,00;2026-09-25;;;;pessoa jurídica de direito privado, órgãos públicos, organismos internacionais e fundos legalmente constituídos (Res. Conjunta CNJ/CNMP 10/2024 e Res. CSMPT 232/2025);"cadastro prévio no Sistema de Destinações (Edital PRT18 nº 24/2025); projeto social (nome, qualificação da entidade e do representante, descrição, valores ou bens, cronograma e custos por etapa); documentos de constituição; certidões tributária, previdenciária e de FGTS; declaração de inexistência de parentes de membros do Judiciário/MP na administração";https://www.prt18.mpt.mp.br/servicos/editais-de-destinacao-de-recursos-bens;https://www.prt18.mpt.mp.br/servicos/editais-de-destinacao-de-recursos-bens (linha do edital 009282.2026: botão 'abrir/salvar' — o endereço traz token de download);primária — listagem da PRT 18ª Região, lida no navegador do titular;ACOMPANHAR;"encerrado (prazo de 5 dias após a publicação); serve de histórico: o tipo se repete em média 4 a 5 vezes por mês"
2026-09-15;2026-10-02;MPT-GO;PTM Anápolis (PRT 18ª Região);Edital 008927.2026 — procedimento 000319.2021.18.003-4;Edital para indicação de destinação de recursos ou bens;indicação de destinatários de bens ou valores decorrentes da atuação do MPT (TAC, execução de TAC ou ação civil pública), com apresentação de projeto social;"defesa de interesses difusos trabalhistas; pertinência temática com o objeto do procedimento";R$ 115.007,12;2026-09-15;;;;pessoa jurídica de direito privado, órgãos públicos, organismos internacionais e fundos legalmente constituídos (Res. Conjunta CNJ/CNMP 10/2024 e Res. CSMPT 232/2025);"cadastro prévio no Sistema de Destinações (Edital PRT18 nº 24/2025); projeto social (nome, qualificação da entidade e do representante, descrição, valores ou bens, cronograma e custos por etapa); documentos de constituição; certidões tributária, previdenciária e de FGTS; declaração de inexistência de parentes de membros do Judiciário/MP na administração";https://www.prt18.mpt.mp.br/servicos/editais-de-destinacao-de-recursos-bens;https://www.prt18.mpt.mp.br/servicos/editais-de-destinacao-de-recursos-bens (linha do edital 008927.2026: botão 'abrir/salvar' — o endereço traz token de download);primária — listagem da PRT 18ª Região, lida no navegador do titular;ACOMPANHAR;"encerrado (prazo de 5 dias após a publicação); serve de histórico: o tipo se repete em média 4 a 5 vezes por mês"
2026-08-24;2026-10-02;MPT-GO;PTM Anápolis (PRT 18ª Região);Edital 008314.2026 — procedimento 000545.2021.18.000-2;Edital para indicação de destinação de recursos ou bens;indicação de destinatários de bens ou valores decorrentes da atuação do MPT (TAC, execução de TAC ou ação civil pública), com apresentação de projeto social;"defesa de interesses difusos trabalhistas; pertinência temática com o objeto do procedimento";R$ 2.141.800,00;2026-08-24;;;;pessoa jurídica de direito privado, órgãos públicos, organismos internacionais e fundos legalmente constituídos (Res. Conjunta CNJ/CNMP 10/2024 e Res. CSMPT 232/2025);"cadastro prévio no Sistema de Destinações (Edital PRT18 nº 24/2025); projeto social (nome, qualificação da entidade e do representante, descrição, valores ou bens, cronograma e custos por etapa); documentos de constituição; certidões tributária, previdenciária e de FGTS; declaração de inexistência de parentes de membros do Judiciário/MP na administração";https://www.prt18.mpt.mp.br/servicos/editais-de-destinacao-de-recursos-bens;https://www.prt18.mpt.mp.br/servicos/editais-de-destinacao-de-recursos-bens (linha do edital 008314.2026: botão 'abrir/salvar' — o endereço traz token de download);primária — listagem da PRT 18ª Região, lida no navegador do titular;ACOMPANHAR;"encerrado (prazo de 5 dias após a publicação); serve de histórico: o tipo se repete em média 4 a 5 vezes por mês"
2026-08-06;2026-10-02;MPT-GO;PRT 18ª Região — sede Goiânia;Edital 067008.2026 — procedimento 002360.2025.18.000-7;Edital para indicação de destinação de recursos ou bens;indicação de destinatários de bens ou valores decorrentes da atuação do MPT (TAC, execução de TAC ou ação civil pública), com apresentação de projeto social;"defesa de interesses difusos trabalhistas; pertinência temática com o objeto do procedimento";R$ 40.746,65;2026-08-06;;;;pessoa jurídica de direito privado, órgãos públicos, organismos internacionais e fundos legalmente constituídos (Res. Conjunta CNJ/CNMP 10/2024 e Res. CSMPT 232/2025);"cadastro prévio no Sistema de Destinações (Edital PRT18 nº 24/2025); projeto social (nome, qualificação da entidade e do representante, descrição, valores ou bens, cronograma e custos por etapa); documentos de constituição; certidões tributária, previdenciária e de FGTS; declaração de inexistência de parentes de membros do Judiciário/MP na administração";https://www.prt18.mpt.mp.br/servicos/editais-de-destinacao-de-recursos-bens;https://www.prt18.mpt.mp.br/servicos/editais-de-destinacao-de-recursos-bens (linha do edital 067008.2026: botão 'abrir/salvar' — o endereço traz token de download);primária — listagem da PRT 18ª Região, lida no navegador do titular;ACOMPANHAR;"encerrado (prazo de 5 dias após a publicação); serve de histórico: o tipo se repete em média 4 a 5 vezes por mês"
2026-07-16;2026-10-02;MPT-GO;PTM Anápolis (PRT 18ª Região);Edital 007001.2026 — procedimento 000036.2025.18.003-9;Edital para indicação de destinação de recursos ou bens;indicação de destinatários de bens ou valores decorrentes da atuação do MPT (TAC, execução de TAC ou ação civil pública), com apresentação de projeto social;"defesa de interesses difusos trabalhistas; pertinência temática com o objeto do procedimento";R$ 50.000,00;2026-07-16;;;;pessoa jurídica de direito privado, órgãos públicos, organismos internacionais e fundos legalmente constituídos (Res. Conjunta CNJ/CNMP 10/2024 e Res. CSMPT 232/2025);"cadastro prévio no Sistema de Destinações (Edital PRT18 nº 24/2025); projeto social (nome, qualificação da entidade e do representante, descrição, valores ou bens, cronograma e custos por etapa); documentos de constituição; certidões tributária, previdenciária e de FGTS; declaração de inexistência de parentes de membros do Judiciário/MP na administração";https://www.prt18.mpt.mp.br/servicos/editais-de-destinacao-de-recursos-bens;https://www.prt18.mpt.mp.br/servicos/editais-de-destinacao-de-recursos-bens (linha do edital 007001.2026: botão 'abrir/salvar' — o endereço traz token de download);primária — listagem da PRT 18ª Região, lida no navegador do titular;ACOMPANHAR;"encerrado (prazo de 5 dias após a publicação); serve de histórico: o tipo se repete em média 4 a 5 vezes por mês"
2026-07-16;2026-10-02;MPT-GO;PTM Anápolis (PRT 18ª Região);Edital 006967.2026 — procedimento 000423.2026.18.003-5;Edital para indicação de destinação de recursos ou bens;indicação de destinatários de bens ou valores decorrentes da atuação do MPT (TAC, execução de TAC ou ação civil pública), com apresentação de projeto social;"defesa de interesses difusos trabalhistas; pertinência temática com o objeto do procedimento";R$ 75.000,00;2026-07-16;;;;pessoa jurídica de direito privado, órgãos públicos, organismos internacionais e fundos legalmente constituídos (Res. Conjunta CNJ/CNMP 10/2024 e Res. CSMPT 232/2025);"cadastro prévio no Sistema de Destinações (Edital PRT18 nº 24/2025); projeto social (nome, qualificação da entidade e do representante, descrição, valores ou bens, cronograma e custos por etapa); documentos de constituição; certidões tributária, previdenciária e de FGTS; declaração de inexistência de parentes de membros do Judiciário/MP na administração";https://www.prt18.mpt.mp.br/servicos/editais-de-destinacao-de-recursos-bens;https://www.prt18.mpt.mp.br/servicos/editais-de-destinacao-de-recursos-bens (linha do edital 006967.2026: botão 'abrir/salvar' — o endereço traz token de download);primária — listagem da PRT 18ª Região, lida no navegador do titular;ACOMPANHAR;"encerrado (prazo de 5 dias após a publicação); serve de histórico: o tipo se repete em média 4 a 5 vezes por mês"
2026-06-30;2026-10-02;MPT-GO;PTM Anápolis (PRT 18ª Região);Edital 006455.2026 — procedimento 000233.2025.18.003-3;Edital para indicação de destinação de recursos ou bens;indicação de destinatários de bens ou valores decorrentes da atuação do MPT (TAC, execução de TAC ou ação civil pública), com apresentação de projeto social;"defesa de interesses difusos trabalhistas; pertinência temática com o objeto do procedimento";R$ 145.586,24;2026-06-30;;;;pessoa jurídica de direito privado, órgãos públicos, organismos internacionais e fundos legalmente constituídos (Res. Conjunta CNJ/CNMP 10/2024 e Res. CSMPT 232/2025);"cadastro prévio no Sistema de Destinações (Edital PRT18 nº 24/2025); projeto social (nome, qualificação da entidade e do representante, descrição, valores ou bens, cronograma e custos por etapa); documentos de constituição; certidões tributária, previdenciária e de FGTS; declaração de inexistência de parentes de membros do Judiciário/MP na administração";https://www.prt18.mpt.mp.br/servicos/editais-de-destinacao-de-recursos-bens;https://www.prt18.mpt.mp.br/servicos/editais-de-destinacao-de-recursos-bens (linha do edital 006455.2026: botão 'abrir/salvar' — o endereço traz token de download);primária — listagem da PRT 18ª Região, lida no navegador do titular;ACOMPANHAR;"encerrado (prazo de 5 dias após a publicação); serve de histórico: o tipo se repete em média 4 a 5 vezes por mês"
2026-06-21;2026-10-02;MPT-GO;PTM Anápolis (PRT 18ª Região);Edital 006158.2026 — procedimento 001729.2026.18.000-3;Edital para indicação de destinação de recursos ou bens;indicação de destinatários de bens ou valores decorrentes da atuação do MPT (TAC, execução de TAC ou ação civil pública), com apresentação de projeto social;"defesa de interesses difusos trabalhistas; pertinência temática com o objeto do procedimento";R$ 1.100.000,00;2026-06-21;;;;pessoa jurídica de direito privado, órgãos públicos, organismos internacionais e fundos legalmente constituídos (Res. Conjunta CNJ/CNMP 10/2024 e Res. CSMPT 232/2025);"cadastro prévio no Sistema de Destinações (Edital PRT18 nº 24/2025); projeto social (nome, qualificação da entidade e do representante, descrição, valores ou bens, cronograma e custos por etapa); documentos de constituição; certidões tributária, previdenciária e de FGTS; declaração de inexistência de parentes de membros do Judiciário/MP na administração";https://www.prt18.mpt.mp.br/servicos/editais-de-destinacao-de-recursos-bens;https://www.prt18.mpt.mp.br/servicos/editais-de-destinacao-de-recursos-bens (linha do edital 006158.2026: botão 'abrir/salvar' — o endereço traz token de download);primária — listagem da PRT 18ª Região, lida no navegador do titular;ACOMPANHAR;"encerrado (prazo de 5 dias após a publicação); serve de histórico: o tipo se repete em média 4 a 5 vezes por mês"
2026-06-16;2026-10-02;MPT-GO;PRT 18ª Região — sede Goiânia;Edital 051176.2026 — procedimento 001122.2026.18.000-1;Edital para indicação de destinação de recursos ou bens;indicação de destinatários de bens ou valores decorrentes da atuação do MPT (TAC, execução de TAC ou ação civil pública), com apresentação de projeto social;"defesa de interesses difusos trabalhistas; pertinência temática com o objeto do procedimento";R$ 3.285,90;2026-06-16;;;;pessoa jurídica de direito privado, órgãos públicos, organismos internacionais e fundos legalmente constituídos (Res. Conjunta CNJ/CNMP 10/2024 e Res. CSMPT 232/2025);"cadastro prévio no Sistema de Destinações (Edital PRT18 nº 24/2025); projeto social (nome, qualificação da entidade e do representante, descrição, valores ou bens, cronograma e custos por etapa); documentos de constituição; certidões tributária, previdenciária e de FGTS; declaração de inexistência de parentes de membros do Judiciário/MP na administração";https://www.prt18.mpt.mp.br/servicos/editais-de-destinacao-de-recursos-bens;https://www.prt18.mpt.mp.br/servicos/editais-de-destinacao-de-recursos-bens (linha do edital 051176.2026: botão 'abrir/salvar' — o endereço traz token de download);primária — listagem da PRT 18ª Região, lida no navegador do titular;ACOMPANHAR;"encerrado (prazo de 5 dias após a publicação); serve de histórico: o tipo se repete em média 4 a 5 vezes por mês"
2026-06-12;2026-10-02;MPT-GO;PTM Anápolis (PRT 18ª Região);Edital 005821.2026 — procedimento 000291.2018.18.003-9;Edital para indicação de destinação de recursos ou bens;indicação de destinatários de bens ou valores decorrentes da atuação do MPT (TAC, execução de TAC ou ação civil pública), com apresentação de projeto social;"defesa de interesses difusos trabalhistas; pertinência temática com o objeto do procedimento";R$ 343.089,65;2026-06-12;;;;pessoa jurídica de direito privado, órgãos públicos, organismos internacionais e fundos legalmente constituídos (Res. Conjunta CNJ/CNMP 10/2024 e Res. CSMPT 232/2025);"cadastro prévio no Sistema de Destinações (Edital PRT18 nº 24/2025); projeto social (nome, qualificação da entidade e do representante, descrição, valores ou bens, cronograma e custos por etapa); documentos de constituição; certidões tributária, previdenciária e de FGTS; declaração de inexistência de parentes de membros do Judiciário/MP na administração";https://www.prt18.mpt.mp.br/servicos/editais-de-destinacao-de-recursos-bens;https://www.prt18.mpt.mp.br/servicos/editais-de-destinacao-de-recursos-bens (linha do edital 005821.2026: botão 'abrir/salvar' — o endereço traz token de download);primária — listagem da PRT 18ª Região, lida no navegador do titular;ACOMPANHAR;"encerrado (prazo de 5 dias após a publicação); serve de histórico: o tipo se repete em média 4 a 5 vezes por mês"
2026-06-12;2026-10-02;MPT-GO;PTM Anápolis (PRT 18ª Região);Edital 005817.2026 — procedimento 000395.2015.18.003-4;Edital para indicação de destinação de recursos ou bens;indicação de destinatários de bens ou valores decorrentes da atuação do MPT (TAC, execução de TAC ou ação civil pública), com apresentação de projeto social;"defesa de interesses difusos trabalhistas; pertinência temática com o objeto do procedimento";R$ 65.000,00;2026-06-12;;;;pessoa jurídica de direito privado, órgãos públicos, organismos internacionais e fundos legalmente constituídos (Res. Conjunta CNJ/CNMP 10/2024 e Res. CSMPT 232/2025);"cadastro prévio no Sistema de Destinações (Edital PRT18 nº 24/2025); projeto social (nome, qualificação da entidade e do representante, descrição, valores ou bens, cronograma e custos por etapa); documentos de constituição; certidões tributária, previdenciária e de FGTS; declaração de inexistência de parentes de membros do Judiciário/MP na administração";https://www.prt18.mpt.mp.br/servicos/editais-de-destinacao-de-recursos-bens;https://www.prt18.mpt.mp.br/servicos/editais-de-destinacao-de-recursos-bens (linha do edital 005817.2026: botão 'abrir/salvar' — o endereço traz token de download);primária — listagem da PRT 18ª Região, lida no navegador do titular;ACOMPANHAR;"encerrado (prazo de 5 dias após a publicação); serve de histórico: o tipo se repete em média 4 a 5 vezes por mês"
2026-06-01;2026-10-02;MPT-GO;PTM Anápolis (PRT 18ª Região);Edital 005488.2026 — procedimento 000187.2013.18.003-8;Edital para indicação de destinação de recursos ou bens;indicação de destinatários de bens ou valores decorrentes da atuação do MPT (TAC, execução de TAC ou ação civil pública), com apresentação de projeto social;"defesa de interesses difusos trabalhistas; pertinência temática com o objeto do procedimento";R$ 16.278,74;2026-06-01;;;;pessoa jurídica de direito privado, órgãos públicos, organismos internacionais e fundos legalmente constituídos (Res. Conjunta CNJ/CNMP 10/2024 e Res. CSMPT 232/2025);"cadastro prévio no Sistema de Destinações (Edital PRT18 nº 24/2025); projeto social (nome, qualificação da entidade e do representante, descrição, valores ou bens, cronograma e custos por etapa); documentos de constituição; certidões tributária, previdenciária e de FGTS; declaração de inexistência de parentes de membros do Judiciário/MP na administração";https://www.prt18.mpt.mp.br/servicos/editais-de-destinacao-de-recursos-bens;https://www.prt18.mpt.mp.br/servicos/editais-de-destinacao-de-recursos-bens (linha do edital 005488.2026: botão 'abrir/salvar' — o endereço traz token de download);primária — listagem da PRT 18ª Região, lida no navegador do titular;ACOMPANHAR;"encerrado (prazo de 5 dias após a publicação); serve de histórico: o tipo se repete em média 4 a 5 vezes por mês"
2026-05-27;2026-10-02;MPT-GO;PRT 18ª Região — sede Goiânia;Edital 043770.2026 — procedimento 000904.2022.18.000-2;Edital para indicação de destinação de recursos ou bens;indicação de destinatários de bens ou valores decorrentes da atuação do MPT (TAC, execução de TAC ou ação civil pública), com apresentação de projeto social;"defesa de interesses difusos trabalhistas; pertinência temática com o objeto do procedimento";R$ 204.364,80;2026-05-27;;;;pessoa jurídica de direito privado, órgãos públicos, organismos internacionais e fundos legalmente constituídos (Res. Conjunta CNJ/CNMP 10/2024 e Res. CSMPT 232/2025);"cadastro prévio no Sistema de Destinações (Edital PRT18 nº 24/2025); projeto social (nome, qualificação da entidade e do representante, descrição, valores ou bens, cronograma e custos por etapa); documentos de constituição; certidões tributária, previdenciária e de FGTS; declaração de inexistência de parentes de membros do Judiciário/MP na administração";https://www.prt18.mpt.mp.br/servicos/editais-de-destinacao-de-recursos-bens;https://www.prt18.mpt.mp.br/servicos/editais-de-destinacao-de-recursos-bens (linha do edital 043770.2026: botão 'abrir/salvar' — o endereço traz token de download);primária — listagem da PRT 18ª Região, lida no navegador do titular;ACOMPANHAR;"encerrado (prazo de 5 dias após a publicação); serve de histórico: o tipo se repete em média 4 a 5 vezes por mês"
2026-05-22;2026-10-02;MPT-GO;PTM Anápolis (PRT 18ª Região);Edital 005046.2026 — procedimento 000656.2019.18.000-2;Edital para indicação de destinação de recursos ou bens;indicação de destinatários de bens ou valores decorrentes da atuação do MPT (TAC, execução de TAC ou ação civil pública), com apresentação de projeto social;"defesa de interesses difusos trabalhistas; pertinência temática com o objeto do procedimento";R$ 71.579,46;2026-05-22;;;;pessoa jurídica de direito privado, órgãos públicos, organismos internacionais e fundos legalmente constituídos (Res. Conjunta CNJ/CNMP 10/2024 e Res. CSMPT 232/2025);"cadastro prévio no Sistema de Destinações (Edital PRT18 nº 24/2025); projeto social (nome, qualificação da entidade e do representante, descrição, valores ou bens, cronograma e custos por etapa); documentos de constituição; certidões tributária, previdenciária e de FGTS; declaração de inexistência de parentes de membros do Judiciário/MP na administração";https://www.prt18.mpt.mp.br/servicos/editais-de-destinacao-de-recursos-bens;https://www.prt18.mpt.mp.br/servicos/editais-de-destinacao-de-recursos-bens (linha do edital 005046.2026: botão 'abrir/salvar' — o endereço traz token de download);primária — listagem da PRT 18ª Região, lida no navegador do titular;ACOMPANHAR;"encerrado (prazo de 5 dias após a publicação); serve de histórico: o tipo se repete em média 4 a 5 vezes por mês"
2026-05-15;2026-10-02;MPT-GO;PTM Anápolis (PRT 18ª Região);Edital 004892.2026 — procedimento 000233.2026.18.003-6;Edital para indicação de destinação de recursos ou bens;indicação de destinatários de bens ou valores decorrentes da atuação do MPT (TAC, execução de TAC ou ação civil pública), com apresentação de projeto social;"defesa de interesses difusos trabalhistas; pertinência temática com o objeto do procedimento";R$ 75.000,00;2026-05-15;;;;pessoa jurídica de direito privado, órgãos públicos, organismos internacionais e fundos legalmente constituídos (Res. Conjunta CNJ/CNMP 10/2024 e Res. CSMPT 232/2025);"cadastro prévio no Sistema de Destinações (Edital PRT18 nº 24/2025); projeto social (nome, qualificação da entidade e do representante, descrição, valores ou bens, cronograma e custos por etapa); documentos de constituição; certidões tributária, previdenciária e de FGTS; declaração de inexistência de parentes de membros do Judiciário/MP na administração";https://www.prt18.mpt.mp.br/servicos/editais-de-destinacao-de-recursos-bens;https://www.prt18.mpt.mp.br/servicos/editais-de-destinacao-de-recursos-bens (linha do edital 004892.2026: botão 'abrir/salvar' — o endereço traz token de download);primária — listagem da PRT 18ª Região, lida no navegador do titular;ACOMPANHAR;"encerrado (prazo de 5 dias após a publicação); serve de histórico: o tipo se repete em média 4 a 5 vezes por mês"
2026-05-14;2026-10-02;MPT-GO;PRT 18ª Região — sede Goiânia;Edital 041026.2026 — procedimento 001367.2026.18.000-9;Edital para indicação de destinação de recursos ou bens;indicação de destinatários de bens ou valores decorrentes da atuação do MPT (TAC, execução de TAC ou ação civil pública), com apresentação de projeto social;"defesa de interesses difusos trabalhistas; pertinência temática com o objeto do procedimento";R$ 100.000,00;2026-05-14;;;;pessoa jurídica de direito privado, órgãos públicos, organismos internacionais e fundos legalmente constituídos (Res. Conjunta CNJ/CNMP 10/2024 e Res. CSMPT 232/2025);"cadastro prévio no Sistema de Destinações (Edital PRT18 nº 24/2025); projeto social (nome, qualificação da entidade e do representante, descrição, valores ou bens, cronograma e custos por etapa); documentos de constituição; certidões tributária, previdenciária e de FGTS; declaração de inexistência de parentes de membros do Judiciário/MP na administração";https://www.prt18.mpt.mp.br/servicos/editais-de-destinacao-de-recursos-bens;https://www.prt18.mpt.mp.br/servicos/editais-de-destinacao-de-recursos-bens (linha do edital 041026.2026: botão 'abrir/salvar' — o endereço traz token de download);primária — listagem da PRT 18ª Região, lida no navegador do titular;ACOMPANHAR;"encerrado (prazo de 5 dias após a publicação); serve de histórico: o tipo se repete em média 4 a 5 vezes por mês"
2026-05-11;2026-10-02;MPT-GO;PTM Anápolis (PRT 18ª Região);Edital 004715.2026 — procedimento 000293.2026.18.003-0;Edital para indicação de destinação de recursos ou bens;indicação de destinatários de bens ou valores decorrentes da atuação do MPT (TAC, execução de TAC ou ação civil pública), com apresentação de projeto social;"defesa de interesses difusos trabalhistas; pertinência temática com o objeto do procedimento";R$ 96.000,00;2026-05-11;;;;pessoa jurídica de direito privado, órgãos públicos, organismos internacionais e fundos legalmente constituídos (Res. Conjunta CNJ/CNMP 10/2024 e Res. CSMPT 232/2025);"cadastro prévio no Sistema de Destinações (Edital PRT18 nº 24/2025); projeto social (nome, qualificação da entidade e do representante, descrição, valores ou bens, cronograma e custos por etapa); documentos de constituição; certidões tributária, previdenciária e de FGTS; declaração de inexistência de parentes de membros do Judiciário/MP na administração";https://www.prt18.mpt.mp.br/servicos/editais-de-destinacao-de-recursos-bens;https://www.prt18.mpt.mp.br/servicos/editais-de-destinacao-de-recursos-bens (linha do edital 004715.2026: botão 'abrir/salvar' — o endereço traz token de download);primária — listagem da PRT 18ª Região, lida no navegador do titular;ACOMPANHAR;"encerrado (prazo de 5 dias após a publicação); serve de histórico: o tipo se repete em média 4 a 5 vezes por mês"
2026-05-07;2026-10-02;MPT-GO;PTM Anápolis (PRT 18ª Região);Edital 004575.2026 — procedimento 000436.2022.18.003-0;Edital para indicação de destinação de recursos ou bens;indicação de destinatários de bens ou valores decorrentes da atuação do MPT (TAC, execução de TAC ou ação civil pública), com apresentação de projeto social;"defesa de interesses difusos trabalhistas; pertinência temática com o objeto do procedimento";R$ 68.016,99;2026-05-07;;;;pessoa jurídica de direito privado, órgãos públicos, organismos internacionais e fundos legalmente constituídos (Res. Conjunta CNJ/CNMP 10/2024 e Res. CSMPT 232/2025);"cadastro prévio no Sistema de Destinações (Edital PRT18 nº 24/2025); projeto social (nome, qualificação da entidade e do representante, descrição, valores ou bens, cronograma e custos por etapa); documentos de constituição; certidões tributária, previdenciária e de FGTS; declaração de inexistência de parentes de membros do Judiciário/MP na administração";https://www.prt18.mpt.mp.br/servicos/editais-de-destinacao-de-recursos-bens;https://www.prt18.mpt.mp.br/servicos/editais-de-destinacao-de-recursos-bens (linha do edital 004575.2026: botão 'abrir/salvar' — o endereço traz token de download);primária — listagem da PRT 18ª Região, lida no navegador do titular;ACOMPANHAR;"encerrado (prazo de 5 dias após a publicação); serve de histórico: o tipo se repete em média 4 a 5 vezes por mês"
2026-04-30;2026-10-02;MPT-GO;PTM Anápolis (PRT 18ª Região);Edital 004369.2026 — procedimento 000414.2024.18.003-9;Edital para indicação de destinação de recursos ou bens;indicação de destinatários de bens ou valores decorrentes da atuação do MPT (TAC, execução de TAC ou ação civil pública), com apresentação de projeto social;"defesa de interesses difusos trabalhistas; pertinência temática com o objeto do procedimento";R$ 159.185,85;2026-04-30;;;;pessoa jurídica de direito privado, órgãos públicos, organismos internacionais e fundos legalmente constituídos (Res. Conjunta CNJ/CNMP 10/2024 e Res. CSMPT 232/2025);"cadastro prévio no Sistema de Destinações (Edital PRT18 nº 24/2025); projeto social (nome, qualificação da entidade e do representante, descrição, valores ou bens, cronograma e custos por etapa); documentos de constituição; certidões tributária, previdenciária e de FGTS; declaração de inexistência de parentes de membros do Judiciário/MP na administração";https://www.prt18.mpt.mp.br/servicos/editais-de-destinacao-de-recursos-bens;https://www.prt18.mpt.mp.br/servicos/editais-de-destinacao-de-recursos-bens (linha do edital 004369.2026: botão 'abrir/salvar' — o endereço traz token de download);primária — listagem da PRT 18ª Região, lida no navegador do titular;ACOMPANHAR;"encerrado (prazo de 5 dias após a publicação); serve de histórico: o tipo se repete em média 4 a 5 vezes por mês"
2026-04-27;2026-10-02;MPT-GO;PRT 18ª Região — sede Goiânia;Edital 032815.2026 — procedimento 001140.2020.18.000-2;Edital para indicação de destinação de recursos ou bens;indicação de destinatários de bens ou valores decorrentes da atuação do MPT (TAC, execução de TAC ou ação civil pública), com apresentação de projeto social;"defesa de interesses difusos trabalhistas; pertinência temática com o objeto do procedimento";R$ 13.654,80;2026-04-27;;;;pessoa jurídica de direito privado, órgãos públicos, organismos internacionais e fundos legalmente constituídos (Res. Conjunta CNJ/CNMP 10/2024 e Res. CSMPT 232/2025);"cadastro prévio no Sistema de Destinações (Edital PRT18 nº 24/2025); projeto social (nome, qualificação da entidade e do representante, descrição, valores ou bens, cronograma e custos por etapa); documentos de constituição; certidões tributária, previdenciária e de FGTS; declaração de inexistência de parentes de membros do Judiciário/MP na administração";https://www.prt18.mpt.mp.br/servicos/editais-de-destinacao-de-recursos-bens;https://www.prt18.mpt.mp.br/servicos/editais-de-destinacao-de-recursos-bens (linha do edital 032815.2026: botão 'abrir/salvar' — o endereço traz token de download);primária — listagem da PRT 18ª Região, lida no navegador do titular;ACOMPANHAR;"encerrado (prazo de 5 dias após a publicação); serve de histórico: o tipo se repete em média 4 a 5 vezes por mês"
2026-04-27;2026-10-02;MPT-GO;PTM Anápolis (PRT 18ª Região);Edital 004230.2026 — procedimento 000498.2025.18.003-5;Edital para indicação de destinação de recursos ou bens;indicação de destinatários de bens ou valores decorrentes da atuação do MPT (TAC, execução de TAC ou ação civil pública), com apresentação de projeto social;"defesa de interesses difusos trabalhistas; pertinência temática com o objeto do procedimento";R$ 10.000,00;2026-04-27;;;;pessoa jurídica de direito privado, órgãos públicos, organismos internacionais e fundos legalmente constituídos (Res. Conjunta CNJ/CNMP 10/2024 e Res. CSMPT 232/2025);"cadastro prévio no Sistema de Destinações (Edital PRT18 nº 24/2025); projeto social (nome, qualificação da entidade e do representante, descrição, valores ou bens, cronograma e custos por etapa); documentos de constituição; certidões tributária, previdenciária e de FGTS; declaração de inexistência de parentes de membros do Judiciário/MP na administração";https://www.prt18.mpt.mp.br/servicos/editais-de-destinacao-de-recursos-bens;https://www.prt18.mpt.mp.br/servicos/editais-de-destinacao-de-recursos-bens (linha do edital 004230.2026: botão 'abrir/salvar' — o endereço traz token de download);primária — listagem da PRT 18ª Região, lida no navegador do titular;ACOMPANHAR;"encerrado (prazo de 5 dias após a publicação); serve de histórico: o tipo se repete em média 4 a 5 vezes por mês"
2026-03-30;2026-10-02;MPT-GO;PTM Anápolis (PRT 18ª Região);Edital 003425.2026 — procedimento 001180.2024.18.000-5;Edital para indicação de destinação de recursos ou bens;indicação de destinatários de bens ou valores decorrentes da atuação do MPT (TAC, execução de TAC ou ação civil pública), com apresentação de projeto social;"defesa de interesses difusos trabalhistas; pertinência temática com o objeto do procedimento";R$ 76.261,20;2026-03-30;;;;pessoa jurídica de direito privado, órgãos públicos, organismos internacionais e fundos legalmente constituídos (Res. Conjunta CNJ/CNMP 10/2024 e Res. CSMPT 232/2025);"cadastro prévio no Sistema de Destinações (Edital PRT18 nº 24/2025); projeto social (nome, qualificação da entidade e do representante, descrição, valores ou bens, cronograma e custos por etapa); documentos de constituição; certidões tributária, previdenciária e de FGTS; declaração de inexistência de parentes de membros do Judiciário/MP na administração";https://www.prt18.mpt.mp.br/servicos/editais-de-destinacao-de-recursos-bens;https://www.prt18.mpt.mp.br/servicos/editais-de-destinacao-de-recursos-bens (linha do edital 003425.2026: botão 'abrir/salvar' — o endereço traz token de download);primária — listagem da PRT 18ª Região, lida no navegador do titular;ACOMPANHAR;"encerrado (prazo de 5 dias após a publicação); serve de histórico: o tipo se repete em média 4 a 5 vezes por mês"
2026-03-25;2026-10-02;MPT-GO;PTM Anápolis (PRT 18ª Região);Edital 003150.2026 — procedimento 000235.2021.18.003-5;Edital para indicação de destinação de recursos ou bens;indicação de destinatários de bens ou valores decorrentes da atuação do MPT (TAC, execução de TAC ou ação civil pública), com apresentação de projeto social;"defesa de interesses difusos trabalhistas; pertinência temática com o objeto do procedimento";R$ 180.000,00;2026-03-25;;;;pessoa jurídica de direito privado, órgãos públicos, organismos internacionais e fundos legalmente constituídos (Res. Conjunta CNJ/CNMP 10/2024 e Res. CSMPT 232/2025);"cadastro prévio no Sistema de Destinações (Edital PRT18 nº 24/2025); projeto social (nome, qualificação da entidade e do representante, descrição, valores ou bens, cronograma e custos por etapa); documentos de constituição; certidões tributária, previdenciária e de FGTS; declaração de inexistência de parentes de membros do Judiciário/MP na administração";https://www.prt18.mpt.mp.br/servicos/editais-de-destinacao-de-recursos-bens;https://www.prt18.mpt.mp.br/servicos/editais-de-destinacao-de-recursos-bens (linha do edital 003150.2026: botão 'abrir/salvar' — o endereço traz token de download);primária — listagem da PRT 18ª Região, lida no navegador do titular;ACOMPANHAR;"encerrado (prazo de 5 dias após a publicação); serve de histórico: o tipo se repete em média 4 a 5 vezes por mês"
2026-03-23;2026-10-02;MPT-GO;PTM Anápolis (PRT 18ª Região);Edital 003088.2026 — procedimento 000184.2026.18.003-0;Edital para indicação de destinação de recursos ou bens;indicação de destinatários de bens ou valores decorrentes da atuação do MPT (TAC, execução de TAC ou ação civil pública), com apresentação de projeto social;"defesa de interesses difusos trabalhistas; pertinência temática com o objeto do procedimento";R$ 98.000,00;2026-03-23;;;;pessoa jurídica de direito privado, órgãos públicos, organismos internacionais e fundos legalmente constituídos (Res. Conjunta CNJ/CNMP 10/2024 e Res. CSMPT 232/2025);"cadastro prévio no Sistema de Destinações (Edital PRT18 nº 24/2025); projeto social (nome, qualificação da entidade e do representante, descrição, valores ou bens, cronograma e custos por etapa); documentos de constituição; certidões tributária, previdenciária e de FGTS; declaração de inexistência de parentes de membros do Judiciário/MP na administração";https://www.prt18.mpt.mp.br/servicos/editais-de-destinacao-de-recursos-bens;https://www.prt18.mpt.mp.br/servicos/editais-de-destinacao-de-recursos-bens (linha do edital 003088.2026: botão 'abrir/salvar' — o endereço traz token de download);primária — listagem da PRT 18ª Região, lida no navegador do titular;ACOMPANHAR;"encerrado (prazo de 5 dias após a publicação); serve de histórico: o tipo se repete em média 4 a 5 vezes por mês"
2026-03-23;2026-10-02;MPT-GO;PTM Anápolis (PRT 18ª Região);Edital 003084.2026 — procedimento 000183.2026.18.003-4;Edital para indicação de destinação de recursos ou bens;indicação de destinatários de bens ou valores decorrentes da atuação do MPT (TAC, execução de TAC ou ação civil pública), com apresentação de projeto social;"defesa de interesses difusos trabalhistas; pertinência temática com o objeto do procedimento";R$ 50.000,00;2026-03-23;;;;pessoa jurídica de direito privado, órgãos públicos, organismos internacionais e fundos legalmente constituídos (Res. Conjunta CNJ/CNMP 10/2024 e Res. CSMPT 232/2025);"cadastro prévio no Sistema de Destinações (Edital PRT18 nº 24/2025); projeto social (nome, qualificação da entidade e do representante, descrição, valores ou bens, cronograma e custos por etapa); documentos de constituição; certidões tributária, previdenciária e de FGTS; declaração de inexistência de parentes de membros do Judiciário/MP na administração";https://www.prt18.mpt.mp.br/servicos/editais-de-destinacao-de-recursos-bens;https://www.prt18.mpt.mp.br/servicos/editais-de-destinacao-de-recursos-bens (linha do edital 003084.2026: botão 'abrir/salvar' — o endereço traz token de download);primária — listagem da PRT 18ª Região, lida no navegador do titular;ACOMPANHAR;"encerrado (prazo de 5 dias após a publicação); serve de histórico: o tipo se repete em média 4 a 5 vezes por mês"
2026-03-17;2026-10-02;MPT-GO;PRT 18ª Região — sede Goiânia;Edital 021717.2026 — procedimento 000554.2024.18.003-6;Edital para indicação de destinação de recursos ou bens;indicação de destinatários de bens ou valores decorrentes da atuação do MPT (TAC, execução de TAC ou ação civil pública), com apresentação de projeto social;"defesa de interesses difusos trabalhistas; pertinência temática com o objeto do procedimento";R$ 72.000,00;2026-03-17;;;;pessoa jurídica de direito privado, órgãos públicos, organismos internacionais e fundos legalmente constituídos (Res. Conjunta CNJ/CNMP 10/2024 e Res. CSMPT 232/2025);"cadastro prévio no Sistema de Destinações (Edital PRT18 nº 24/2025); projeto social (nome, qualificação da entidade e do representante, descrição, valores ou bens, cronograma e custos por etapa); documentos de constituição; certidões tributária, previdenciária e de FGTS; declaração de inexistência de parentes de membros do Judiciário/MP na administração";https://www.prt18.mpt.mp.br/servicos/editais-de-destinacao-de-recursos-bens;https://www.prt18.mpt.mp.br/servicos/editais-de-destinacao-de-recursos-bens (linha do edital 021717.2026: botão 'abrir/salvar' — o endereço traz token de download);primária — listagem da PRT 18ª Região, lida no navegador do titular;ACOMPANHAR;"encerrado (prazo de 5 dias após a publicação); serve de histórico: o tipo se repete em média 4 a 5 vezes por mês"
2026-03-17;2026-10-02;MPT-GO;PRT 18ª Região — sede Goiânia;Edital 021706.2026 — procedimento 000772.2026.18.000-5;Edital para indicação de destinação de recursos ou bens;indicação de destinatários de bens ou valores decorrentes da atuação do MPT (TAC, execução de TAC ou ação civil pública), com apresentação de projeto social;"defesa de interesses difusos trabalhistas; pertinência temática com o objeto do procedimento";R$ 111.363,67;2026-03-17;;;;pessoa jurídica de direito privado, órgãos públicos, organismos internacionais e fundos legalmente constituídos (Res. Conjunta CNJ/CNMP 10/2024 e Res. CSMPT 232/2025);"cadastro prévio no Sistema de Destinações (Edital PRT18 nº 24/2025); projeto social (nome, qualificação da entidade e do representante, descrição, valores ou bens, cronograma e custos por etapa); documentos de constituição; certidões tributária, previdenciária e de FGTS; declaração de inexistência de parentes de membros do Judiciário/MP na administração";https://www.prt18.mpt.mp.br/servicos/editais-de-destinacao-de-recursos-bens;https://www.prt18.mpt.mp.br/servicos/editais-de-destinacao-de-recursos-bens (linha do edital 021706.2026: botão 'abrir/salvar' — o endereço traz token de download);primária — listagem da PRT 18ª Região, lida no navegador do titular;ACOMPANHAR;"encerrado (prazo de 5 dias após a publicação); serve de histórico: o tipo se repete em média 4 a 5 vezes por mês"
2026-03-12;2026-10-02;MPT-GO;PTM Anápolis (PRT 18ª Região);Edital 002714.2026 — procedimento 000545.2021.18.000-2;Edital para indicação de destinação de recursos ou bens;indicação de destinatários de bens ou valores decorrentes da atuação do MPT (TAC, execução de TAC ou ação civil pública), com apresentação de projeto social;"defesa de interesses difusos trabalhistas; pertinência temática com o objeto do procedimento";R$ 2.000.000,00;2026-03-12;;;;pessoa jurídica de direito privado, órgãos públicos, organismos internacionais e fundos legalmente constituídos (Res. Conjunta CNJ/CNMP 10/2024 e Res. CSMPT 232/2025);"cadastro prévio no Sistema de Destinações (Edital PRT18 nº 24/2025); projeto social (nome, qualificação da entidade e do representante, descrição, valores ou bens, cronograma e custos por etapa); documentos de constituição; certidões tributária, previdenciária e de FGTS; declaração de inexistência de parentes de membros do Judiciário/MP na administração";https://www.prt18.mpt.mp.br/servicos/editais-de-destinacao-de-recursos-bens;https://www.prt18.mpt.mp.br/servicos/editais-de-destinacao-de-recursos-bens (linha do edital 002714.2026: botão 'abrir/salvar' — o endereço traz token de download);primária — listagem da PRT 18ª Região, lida no navegador do titular;ACOMPANHAR;"encerrado (prazo de 5 dias após a publicação); serve de histórico: o tipo se repete em média 4 a 5 vezes por mês"
2026-02-13;2026-10-02;MPT-GO;PTM Anápolis (PRT 18ª Região);Edital 001353.2026 — procedimento 000490.2025.18.003-4;Edital para indicação de destinação de recursos ou bens;indicação de destinatários de bens ou valores decorrentes da atuação do MPT (TAC, execução de TAC ou ação civil pública), com apresentação de projeto social;"defesa de interesses difusos trabalhistas; pertinência temática com o objeto do procedimento";R$ 4.000,00;2026-02-13;;;;pessoa jurídica de direito privado, órgãos públicos, organismos internacionais e fundos legalmente constituídos (Res. Conjunta CNJ/CNMP 10/2024 e Res. CSMPT 232/2025);"cadastro prévio no Sistema de Destinações (Edital PRT18 nº 24/2025); projeto social (nome, qualificação da entidade e do representante, descrição, valores ou bens, cronograma e custos por etapa); documentos de constituição; certidões tributária, previdenciária e de FGTS; declaração de inexistência de parentes de membros do Judiciário/MP na administração";https://www.prt18.mpt.mp.br/servicos/editais-de-destinacao-de-recursos-bens;https://www.prt18.mpt.mp.br/servicos/editais-de-destinacao-de-recursos-bens (linha do edital 001353.2026: botão 'abrir/salvar' — o endereço traz token de download);primária — listagem da PRT 18ª Região, lida no navegador do titular;ACOMPANHAR;"encerrado (prazo de 5 dias após a publicação); serve de histórico: o tipo se repete em média 4 a 5 vezes por mês"
2026-02-10;2026-10-02;MPT-GO;PRT 18ª Região — sede Goiânia;Edital 010377.2026 — procedimento 001731.2017.18.000-5;Edital para indicação de destinação de recursos ou bens;indicação de destinatários de bens ou valores decorrentes da atuação do MPT (TAC, execução de TAC ou ação civil pública), com apresentação de projeto social;"defesa de interesses difusos trabalhistas; pertinência temática com o objeto do procedimento";R$ 127.404,83;2026-02-10;;;;pessoa jurídica de direito privado, órgãos públicos, organismos internacionais e fundos legalmente constituídos (Res. Conjunta CNJ/CNMP 10/2024 e Res. CSMPT 232/2025);"cadastro prévio no Sistema de Destinações (Edital PRT18 nº 24/2025); projeto social (nome, qualificação da entidade e do representante, descrição, valores ou bens, cronograma e custos por etapa); documentos de constituição; certidões tributária, previdenciária e de FGTS; declaração de inexistência de parentes de membros do Judiciário/MP na administração";https://www.prt18.mpt.mp.br/servicos/editais-de-destinacao-de-recursos-bens;https://www.prt18.mpt.mp.br/servicos/editais-de-destinacao-de-recursos-bens (linha do edital 010377.2026: botão 'abrir/salvar' — o endereço traz token de download);primária — listagem da PRT 18ª Região, lida no navegador do titular;ACOMPANHAR;"encerrado (prazo de 5 dias após a publicação); serve de histórico: o tipo se repete em média 4 a 5 vezes por mês"
2026-02-08;2026-10-02;MPT-GO;PRT 18ª Região — sede Goiânia;Edital 004335.2026 — procedimento 001513.2023.18.000-4;Edital para indicação de destinação de recursos ou bens;indicação de destinatários de bens ou valores decorrentes da atuação do MPT (TAC, execução de TAC ou ação civil pública), com apresentação de projeto social;"defesa de interesses difusos trabalhistas; pertinência temática com o objeto do procedimento";R$ 23.483,30;2026-02-08;;;;pessoa jurídica de direito privado, órgãos públicos, organismos internacionais e fundos legalmente constituídos (Res. Conjunta CNJ/CNMP 10/2024 e Res. CSMPT 232/2025);"cadastro prévio no Sistema de Destinações (Edital PRT18 nº 24/2025); projeto social (nome, qualificação da entidade e do representante, descrição, valores ou bens, cronograma e custos por etapa); documentos de constituição; certidões tributária, previdenciária e de FGTS; declaração de inexistência de parentes de membros do Judiciário/MP na administração";https://www.prt18.mpt.mp.br/servicos/editais-de-destinacao-de-recursos-bens;https://www.prt18.mpt.mp.br/servicos/editais-de-destinacao-de-recursos-bens (linha do edital 004335.2026: botão 'abrir/salvar' — o endereço traz token de download);primária — listagem da PRT 18ª Região, lida no navegador do titular;ACOMPANHAR;"encerrado (prazo de 5 dias após a publicação); serve de histórico: o tipo se repete em média 4 a 5 vezes por mês"
2026-02-06;2026-10-02;MPT-GO;PTM Anápolis (PRT 18ª Região);Edital 001098.2026 — procedimento 001281.2020.18.000-0;Edital para indicação de destinação de recursos ou bens;indicação de destinatários de bens ou valores decorrentes da atuação do MPT (TAC, execução de TAC ou ação civil pública), com apresentação de projeto social;"defesa de interesses difusos trabalhistas; pertinência temática com o objeto do procedimento";R$ 151.752,95;2026-02-06;;;;pessoa jurídica de direito privado, órgãos públicos, organismos internacionais e fundos legalmente constituídos (Res. Conjunta CNJ/CNMP 10/2024 e Res. CSMPT 232/2025);"cadastro prévio no Sistema de Destinações (Edital PRT18 nº 24/2025); projeto social (nome, qualificação da entidade e do representante, descrição, valores ou bens, cronograma e custos por etapa); documentos de constituição; certidões tributária, previdenciária e de FGTS; declaração de inexistência de parentes de membros do Judiciário/MP na administração";https://www.prt18.mpt.mp.br/servicos/editais-de-destinacao-de-recursos-bens;https://www.prt18.mpt.mp.br/servicos/editais-de-destinacao-de-recursos-bens (linha do edital 001098.2026: botão 'abrir/salvar' — o endereço traz token de download);primária — listagem da PRT 18ª Região, lida no navegador do titular;ACOMPANHAR;"encerrado (prazo de 5 dias após a publicação); serve de histórico: o tipo se repete em média 4 a 5 vezes por mês"
2026-02-02;2026-10-02;MPT-GO;PRT 18ª Região — sede Goiânia;Edital 007514.2026 — procedimento 000298.2026.18.000-7;Edital para indicação de destinação de recursos ou bens;indicação de destinatários de bens ou valores decorrentes da atuação do MPT (TAC, execução de TAC ou ação civil pública), com apresentação de projeto social;"defesa de interesses difusos trabalhistas; pertinência temática com o objeto do procedimento";R$ 40.000,00;2026-02-02;;;;pessoa jurídica de direito privado, órgãos públicos, organismos internacionais e fundos legalmente constituídos (Res. Conjunta CNJ/CNMP 10/2024 e Res. CSMPT 232/2025);"cadastro prévio no Sistema de Destinações (Edital PRT18 nº 24/2025); projeto social (nome, qualificação da entidade e do representante, descrição, valores ou bens, cronograma e custos por etapa); documentos de constituição; certidões tributária, previdenciária e de FGTS; declaração de inexistência de parentes de membros do Judiciário/MP na administração";https://www.prt18.mpt.mp.br/servicos/editais-de-destinacao-de-recursos-bens;https://www.prt18.mpt.mp.br/servicos/editais-de-destinacao-de-recursos-bens (linha do edital 007514.2026: botão 'abrir/salvar' — o endereço traz token de download);primária — listagem da PRT 18ª Região, lida no navegador do titular;ACOMPANHAR;"encerrado (prazo de 5 dias após a publicação); serve de histórico: o tipo se repete em média 4 a 5 vezes por mês"
2026-02-02;2026-10-02;MPT-GO;PTM Anápolis (PRT 18ª Região);Edital 000933.2026 — procedimento 000162.2023.18.003-5;Edital para indicação de destinação de recursos ou bens;indicação de destinatários de bens ou valores decorrentes da atuação do MPT (TAC, execução de TAC ou ação civil pública), com apresentação de projeto social;"defesa de interesses difusos trabalhistas; pertinência temática com o objeto do procedimento";R$ 200.000,00;2026-02-02;;;;pessoa jurídica de direito privado, órgãos públicos, organismos internacionais e fundos legalmente constituídos (Res. Conjunta CNJ/CNMP 10/2024 e Res. CSMPT 232/2025);"cadastro prévio no Sistema de Destinações (Edital PRT18 nº 24/2025); projeto social (nome, qualificação da entidade e do representante, descrição, valores ou bens, cronograma e custos por etapa); documentos de constituição; certidões tributária, previdenciária e de FGTS; declaração de inexistência de parentes de membros do Judiciário/MP na administração";https://www.prt18.mpt.mp.br/servicos/editais-de-destinacao-de-recursos-bens;https://www.prt18.mpt.mp.br/servicos/editais-de-destinacao-de-recursos-bens (linha do edital 000933.2026: botão 'abrir/salvar' — o endereço traz token de download);primária — listagem da PRT 18ª Região, lida no navegador do titular;ACOMPANHAR;"encerrado (prazo de 5 dias após a publicação); serve de histórico: o tipo se repete em média 4 a 5 vezes por mês"
2026-02-02;2026-10-02;MPT-GO;PTM Anápolis (PRT 18ª Região);Edital 000918.2026 — procedimento 000129.2023.18.003-0;Edital para indicação de destinação de recursos ou bens;indicação de destinatários de bens ou valores decorrentes da atuação do MPT (TAC, execução de TAC ou ação civil pública), com apresentação de projeto social;"defesa de interesses difusos trabalhistas; pertinência temática com o objeto do procedimento";R$ 47.000,00;2026-02-02;;;;pessoa jurídica de direito privado, órgãos públicos, organismos internacionais e fundos legalmente constituídos (Res. Conjunta CNJ/CNMP 10/2024 e Res. CSMPT 232/2025);"cadastro prévio no Sistema de Destinações (Edital PRT18 nº 24/2025); projeto social (nome, qualificação da entidade e do representante, descrição, valores ou bens, cronograma e custos por etapa); documentos de constituição; certidões tributária, previdenciária e de FGTS; declaração de inexistência de parentes de membros do Judiciário/MP na administração";https://www.prt18.mpt.mp.br/servicos/editais-de-destinacao-de-recursos-bens;https://www.prt18.mpt.mp.br/servicos/editais-de-destinacao-de-recursos-bens (linha do edital 000918.2026: botão 'abrir/salvar' — o endereço traz token de download);primária — listagem da PRT 18ª Região, lida no navegador do titular;ACOMPANHAR;"encerrado (prazo de 5 dias após a publicação); serve de histórico: o tipo se repete em média 4 a 5 vezes por mês"
2026-01-27;2026-10-02;MPT-GO;PRT 18ª Região — sede Goiânia;Edital 005331.2026 — procedimento 001015.2025.18.000-2;Edital para indicação de destinação de recursos ou bens;indicação de destinatários de bens ou valores decorrentes da atuação do MPT (TAC, execução de TAC ou ação civil pública), com apresentação de projeto social;"defesa de interesses difusos trabalhistas; pertinência temática com o objeto do procedimento";R$ 7.500,00;2026-01-27;;;;pessoa jurídica de direito privado, órgãos públicos, organismos internacionais e fundos legalmente constituídos (Res. Conjunta CNJ/CNMP 10/2024 e Res. CSMPT 232/2025);"cadastro prévio no Sistema de Destinações (Edital PRT18 nº 24/2025); projeto social (nome, qualificação da entidade e do representante, descrição, valores ou bens, cronograma e custos por etapa); documentos de constituição; certidões tributária, previdenciária e de FGTS; declaração de inexistência de parentes de membros do Judiciário/MP na administração";https://www.prt18.mpt.mp.br/servicos/editais-de-destinacao-de-recursos-bens;https://www.prt18.mpt.mp.br/servicos/editais-de-destinacao-de-recursos-bens (linha do edital 005331.2026: botão 'abrir/salvar' — o endereço traz token de download);primária — listagem da PRT 18ª Região, lida no navegador do titular;ACOMPANHAR;"encerrado (prazo de 5 dias após a publicação); serve de histórico: o tipo se repete em média 4 a 5 vezes por mês"
2026-01-27;2026-10-02;MPT-GO;PTM Anápolis (PRT 18ª Região);Edital 000770.2026 — procedimento 000419.2024.18.003-0;Edital para indicação de destinação de recursos ou bens;indicação de destinatários de bens ou valores decorrentes da atuação do MPT (TAC, execução de TAC ou ação civil pública), com apresentação de projeto social;"defesa de interesses difusos trabalhistas; pertinência temática com o objeto do procedimento";R$ 98.000,00;2026-01-27;;;;pessoa jurídica de direito privado, órgãos públicos, organismos internacionais e fundos legalmente constituídos (Res. Conjunta CNJ/CNMP 10/2024 e Res. CSMPT 232/2025);"cadastro prévio no Sistema de Destinações (Edital PRT18 nº 24/2025); projeto social (nome, qualificação da entidade e do representante, descrição, valores ou bens, cronograma e custos por etapa); documentos de constituição; certidões tributária, previdenciária e de FGTS; declaração de inexistência de parentes de membros do Judiciário/MP na administração";https://www.prt18.mpt.mp.br/servicos/editais-de-destinacao-de-recursos-bens;https://www.prt18.mpt.mp.br/servicos/editais-de-destinacao-de-recursos-bens (linha do edital 000770.2026: botão 'abrir/salvar' — o endereço traz token de download);primária — listagem da PRT 18ª Região, lida no navegador do titular;ACOMPANHAR;"encerrado (prazo de 5 dias após a publicação); serve de histórico: o tipo se repete em média 4 a 5 vezes por mês"
2026-01-21;2026-10-02;MPT-GO;PRT 18ª Região — sede Goiânia;Edital 003485.2026 — procedimento 000492.2022.18.000-4;Edital para indicação de destinação de recursos ou bens;indicação de destinatários de bens ou valores decorrentes da atuação do MPT (TAC, execução de TAC ou ação civil pública), com apresentação de projeto social;"defesa de interesses difusos trabalhistas; pertinência temática com o objeto do procedimento";R$ 15.000,00;2026-01-21;;;;pessoa jurídica de direito privado, órgãos públicos, organismos internacionais e fundos legalmente constituídos (Res. Conjunta CNJ/CNMP 10/2024 e Res. CSMPT 232/2025);"cadastro prévio no Sistema de Destinações (Edital PRT18 nº 24/2025); projeto social (nome, qualificação da entidade e do representante, descrição, valores ou bens, cronograma e custos por etapa); documentos de constituição; certidões tributária, previdenciária e de FGTS; declaração de inexistência de parentes de membros do Judiciário/MP na administração";https://www.prt18.mpt.mp.br/servicos/editais-de-destinacao-de-recursos-bens;https://www.prt18.mpt.mp.br/servicos/editais-de-destinacao-de-recursos-bens (linha do edital 003485.2026: botão 'abrir/salvar' — o endereço traz token de download);primária — listagem da PRT 18ª Região, lida no navegador do titular;ACOMPANHAR;"encerrado (prazo de 5 dias após a publicação); serve de histórico: o tipo se repete em média 4 a 5 vezes por mês"
2026-01-15;2026-10-02;MPT-GO;PRT 18ª Região — sede Goiânia;Edital 002343.2026 — procedimento 001933.2020.18.000-0;Edital para indicação de destinação de recursos ou bens;indicação de destinatários de bens ou valores decorrentes da atuação do MPT (TAC, execução de TAC ou ação civil pública), com apresentação de projeto social;"defesa de interesses difusos trabalhistas; pertinência temática com o objeto do procedimento";R$ 111.363,67;2026-01-15;;;;pessoa jurídica de direito privado, órgãos públicos, organismos internacionais e fundos legalmente constituídos (Res. Conjunta CNJ/CNMP 10/2024 e Res. CSMPT 232/2025);"cadastro prévio no Sistema de Destinações (Edital PRT18 nº 24/2025); projeto social (nome, qualificação da entidade e do representante, descrição, valores ou bens, cronograma e custos por etapa); documentos de constituição; certidões tributária, previdenciária e de FGTS; declaração de inexistência de parentes de membros do Judiciário/MP na administração";https://www.prt18.mpt.mp.br/servicos/editais-de-destinacao-de-recursos-bens;https://www.prt18.mpt.mp.br/servicos/editais-de-destinacao-de-recursos-bens (linha do edital 002343.2026: botão 'abrir/salvar' — o endereço traz token de download);primária — listagem da PRT 18ª Região, lida no navegador do titular;ACOMPANHAR;"encerrado (prazo de 5 dias após a publicação); serve de histórico: o tipo se repete em média 4 a 5 vezes por mês"
2026-01-14;2026-10-02;MPT-GO;PRT 18ª Região — sede Goiânia;Edital 002050.2026 — procedimento 000482.2024.18.003-7;Edital para indicação de destinação de recursos ou bens;indicação de destinatários de bens ou valores decorrentes da atuação do MPT (TAC, execução de TAC ou ação civil pública), com apresentação de projeto social;"defesa de interesses difusos trabalhistas; pertinência temática com o objeto do procedimento";R$ 100.000,00;2026-01-14;;;;pessoa jurídica de direito privado, órgãos públicos, organismos internacionais e fundos legalmente constituídos (Res. Conjunta CNJ/CNMP 10/2024 e Res. CSMPT 232/2025);"cadastro prévio no Sistema de Destinações (Edital PRT18 nº 24/2025); projeto social (nome, qualificação da entidade e do representante, descrição, valores ou bens, cronograma e custos por etapa); documentos de constituição; certidões tributária, previdenciária e de FGTS; declaração de inexistência de parentes de membros do Judiciário/MP na administração";https://www.prt18.mpt.mp.br/servicos/editais-de-destinacao-de-recursos-bens;https://www.prt18.mpt.mp.br/servicos/editais-de-destinacao-de-recursos-bens (linha do edital 002050.2026: botão 'abrir/salvar' — o endereço traz token de download);primária — listagem da PRT 18ª Região, lida no navegador do titular;ACOMPANHAR;"encerrado (prazo de 5 dias após a publicação); serve de histórico: o tipo se repete em média 4 a 5 vezes por mês"
2026-01-12;2026-10-02;MPT-GO;PRT 18ª Região — sede Goiânia;Edital 001000.2026 — procedimento 000418.2021.18.000-1;Edital para indicação de destinação de recursos ou bens;indicação de destinatários de bens ou valores decorrentes da atuação do MPT (TAC, execução de TAC ou ação civil pública), com apresentação de projeto social;"defesa de interesses difusos trabalhistas; pertinência temática com o objeto do procedimento";R$ 148.541,63;2026-01-12;;;;pessoa jurídica de direito privado, órgãos públicos, organismos internacionais e fundos legalmente constituídos (Res. Conjunta CNJ/CNMP 10/2024 e Res. CSMPT 232/2025);"cadastro prévio no Sistema de Destinações (Edital PRT18 nº 24/2025); projeto social (nome, qualificação da entidade e do representante, descrição, valores ou bens, cronograma e custos por etapa); documentos de constituição; certidões tributária, previdenciária e de FGTS; declaração de inexistência de parentes de membros do Judiciário/MP na administração";https://www.prt18.mpt.mp.br/servicos/editais-de-destinacao-de-recursos-bens;https://www.prt18.mpt.mp.br/servicos/editais-de-destinacao-de-recursos-bens (linha do edital 001000.2026: botão 'abrir/salvar' — o endereço traz token de download);primária — listagem da PRT 18ª Região, lida no navegador do titular;ACOMPANHAR;"encerrado (prazo de 5 dias após a publicação); serve de histórico: o tipo se repete em média 4 a 5 vezes por mês"
2025-12-17;2026-10-02;MPT-GO;PTM Anápolis (PRT 18ª Região);Edital 010657.2025 — procedimento 000221.2025.18.003-3;Edital para indicação de destinação de recursos ou bens;indicação de destinatários de bens ou valores decorrentes da atuação do MPT (TAC, execução de TAC ou ação civil pública), com apresentação de projeto social;"defesa de interesses difusos trabalhistas; pertinência temática com o objeto do procedimento";R$ 50.000,00;2025-12-17;;;;pessoa jurídica de direito privado, órgãos públicos, organismos internacionais e fundos legalmente constituídos (Res. Conjunta CNJ/CNMP 10/2024 e Res. CSMPT 232/2025);"cadastro prévio no Sistema de Destinações (Edital PRT18 nº 24/2025); projeto social (nome, qualificação da entidade e do representante, descrição, valores ou bens, cronograma e custos por etapa); documentos de constituição; certidões tributária, previdenciária e de FGTS; declaração de inexistência de parentes de membros do Judiciário/MP na administração";https://www.prt18.mpt.mp.br/servicos/editais-de-destinacao-de-recursos-bens;https://www.prt18.mpt.mp.br/servicos/editais-de-destinacao-de-recursos-bens (linha do edital 010657.2025: botão 'abrir/salvar' — o endereço traz token de download);primária — listagem da PRT 18ª Região, lida no navegador do titular;ACOMPANHAR;"encerrado (prazo de 5 dias após a publicação); serve de histórico: o tipo se repete em média 4 a 5 vezes por mês"
;2026-10-02;MP-GO;COMPOR (Centro de Autocomposição de Conflitos e Segurança Jurídica);Edital de Chamamento nº 02/2024;DESTINA — Destinação Articulada de Acordos: Edital de Chamamento para o Cadastramento de Órgãos, Entidades Públicas ou de Interesse Social nº 02/2024;cadastro de órgãos e entidades públicas ou privadas de interesse social aptas a receber bens e recursos financeiros do Projeto DAAMP (acordos do MP-GO);não especificadas na página (conforme a necessidade indicada no formulário);;;;;análise pelo COMPOR (deferimento, indeferimento ou pedido de complementação);órgãos, entidades públicas ou de interesse social;"formulário de cadastramento e documentos (Anexos I, II e III do edital); prestação de contas em 30 dias após receber (prestacaodecontas@mpgo.mp.br)";https://www.mpgo.mp.br/portal/conteudo/destina-destinacao-articulada-de-acordos-edital-n-02-2024;PDF do edital e Anexos I a III linkados na página (endereços não extraídos);primária — página do COMPOR no portal do MP-GO, lida no navegador do titular;OPORTUNIDADE;edital de fluxo contínuo: 'permanecerá vigente até a publicação do ato convocatório seguinte' — cadastro aberto hoje, sem data final
;2026-10-02;MP-GO;Procuradoria-Geral de Justiça;Atos PGJ 77/2022, 25/2024 e 58/2025;Atos que regem o Projeto DAAMP (Destina) e o cadastro de entidades;regra da destinação de bens e recursos do Projeto Institucional de Destinação Articulada de Acordos;;;;;;;;;https://www.mpgo.mp.br/portal/conteudo/destina-destinacao-articulada-de-acordos-edital-n-02-2024;Ato PGJ 58/2025 linkado na página;primária (citados na página do Destina);ACOMPANHAR;"regra; o Ato 58/2025 é o mais recente citado"
;2026-10-02;MPT-GO;PRT 18ª Região;Edital PRT18ª Região nº 24/2025;Edital de cadastramento de entidades no Sistema de Destinações (pré-requisito de todos os editais de indicação);"cadastro prévio de órgãos e entidades; citado nos editais de 2026";;;;;;deferimento pela Procuradora-Chefe;órgãos e entidades (Res. Conjunta CNJ/CNMP 10/2024, art. 7º: vedações);"compromisso com a Portaria PGT 707/2025, Res. CSMPT 232/2025 e Res. Conjunta 10/2024; padrões de projeto, plano de trabalho, demonstrativos e prestação de contas";https://destinacoes.mpt.mp.br/;"PDF em /images/ (proibido pelo robots.txt; não baixado)";citado no edital 067008.2026 (primária);OPORTUNIDADE;"cadastro permanente; sem ele a entidade não pode receber nos editais de 5 dias"
2026-02-26;2026-10-02;MPT-GO;PRT 18ª Região (Goiânia/GO);;Edital de chamamento público voltado a associações e cooperativas de catadores de materiais recicláveis e reutilizáveis;Chamamento publico para associacoes e cooperativas de catadores (detalhes apenas no PDF);"catadores de materiais reciclaveis; meio ambiente; trabalho";;;;;;associacoes e cooperativas de catadores de materiais reciclaveis e reutilizaveis;;https://www.prt18.mpt.mp.br/informe-se/noticias-do-mpt-go/1107-edital-de-chamamento-publico-voltado-a-associacoes-e-cooperativas-de-catadores-de-materiais-reciclaveis-e-reutilizaveis;https://www.prt18.mpt.mp.br/images/Ascom/2026/2-Fevereiro/edital__chamamento__2.pdf;primaria: https://www.prt18.mpt.mp.br/informe-se/noticias-do-mpt-go/1107-...;ACOMPANHAR;"Corpo da noticia so diz 'Clique aqui para acessar o Edital'. PDF em /images/ (proibido pelo robots) -> numero, prazos, valor e documentos nao lidos. Sem prazo legivel; possivel relacao com a entrega de 2 caminhoes a cooperativas (22/09/2026), nao confirmada. Conferir PDF no computador do titular."
2025-11-19;2026-10-02;MPT-GO;PRT 18ª Região (Goiânia/GO);Edital 24/2025;ATO NORMATIVO EDITAL 24/2025;Ato normativo publicado junto ao tutorial do Sistema de Destinacoes (conteudo so no PDF);;;;;;;;;https://www.prt18.mpt.mp.br/informe-se/tutorial-do-sistema-de-destinacoes-do-mpt;https://www.prt18.mpt.mp.br/images/Ascom/2025/11-Novembro/ATONORMATIVOEDITAL_24-2025.pdf;primaria: https://www.prt18.mpt.mp.br/informe-se/tutorial-do-sistema-de-destinacoes-do-mpt;ACOMPANHAR;Provavel edital de cadastramento de entidades no Sistema de Destinacoes (inferencia pelo contexto, nao confirmada). PDF em /images/ proibido pelo robots. Data 19/11/2025 e a do tutorial na mesma pagina, nao necessariamente do edital.
2025-11-19;2026-10-02;MPT-GO;PRT 18ª Região (Goiânia/GO);Portaria 124/2025;ATO NORMATIVO PORTARIA 124/2025;Ato normativo sobre destinacoes (conteudo so no PDF);;;;;;;;;https://www.prt18.mpt.mp.br/informe-se/tutorial-do-sistema-de-destinacoes-do-mpt;https://www.prt18.mpt.mp.br/images/Ascom/2025/11-Novembro/ATONORMATIVOPORTARIA_124-2025.pdf;primaria: https://www.prt18.mpt.mp.br/informe-se/tutorial-do-sistema-de-destinacoes-do-mpt;ACOMPANHAR;Regra regional (provavel substituta da Portaria 50/2014 - nao confirmado). PDF proibido pelo robots.
;2026-10-02;MPT-GO;PRT 18ª Região (Goiânia/GO);;Cadastro para recebimento de bens e recursos (Sistema de Destinações do MPT);Cadastro permanente de orgaos e entidades para solicitar reversao de bens e recursos;;;;;;;entidades sem fins lucrativos e orgaos publicos (conforme pagina 'Entidades Assistenciais': entidades sem fins lucrativos habilitadas);;https://www.prt18.mpt.mp.br/informe-se/doacoes-convenios;https://www.prt18.mpt.mp.br/images/Ascom/2025/11-Novembro/Tutorial_Sistema_de_Destinaes_-_Cadastro_Externo_3.pdf;primaria: https://www.prt18.mpt.mp.br/informe-se/doacoes-convenios;ACOMPANHAR;"Cadastro de fluxo continuo, sem prazo publicado na pagina; pre-requisito para receber. Acao recomendada: cadastrar/atualizar a entidade em https://destinacoes.mpt.mp.br/home."
;2026-10-02;MPT-GO;PRT 18ª Região (Goiânia/GO);;Editais de Destinação de Recursos ou Bens (listagem);;;;;;;;;;https://www.prt18.mpt.mp.br/servicos/editais-de-destinacao-de-recursos-bens;;primaria: https://www.prt18.mpt.mp.br/servicos/editais-de-destinacao-de-recursos-bens;ACOMPANHAR;"Tabela carregada por JavaScript; nenhum edital legivel pela nuvem. Pode haver editais abertos nao vistos aqui."
2026-09-22;2026-10-02;MPT-GO;PRT 18ª Região (Goiânia/GO);;MPT-GO entrega dois caminhões a cooperativas de catadores de materiais recicláveis em Goiânia;Entrega de 2 caminhoes;"catadores; reciclagem";R$ 1 milhao (caminhoes);;;;"Cooperativa de Trabalho dos Separadores de Materiais Reciclaveis Nova Esperanca; Cooperativa de Trabalho dos Coletores de Materiais Reciclaveis A Ambiental";;;https://www.prt18.mpt.mp.br/informe-se/noticias-do-mpt-go/1141-mpt-go-entrega-dois-caminhoes-a-cooperativas-de-catadores-de-materiais-reciclaveis-em-goiania;;primaria: noticia MPT-GO;ACOMPANHAR;Resultado de destinacao (acordo judicial de dez/2025 com Municipio de Goiania e Comurg, R$ 7,6 mi para projetos). Noticia nao cita edital.
2026-04-29;2026-10-02;MPT-GO;PRT 18ª Região (Goiânia/GO);;Associação Kalunga recebe veículos por meio de reversão de recursos acordada pelo MPT-GO;Veiculos;"quilombolas; territorio";acordo total R$ 7,6 milhoes;;;;"Associacao Quilombo Kalunga; Projeto Resgatar; Corpo de Bombeiros do Estado de Goias; Cooperativa de Catadores de Residuos Solidos de Goiania (beneficiarios citados do acordo)";;;https://www.prt18.mpt.mp.br/informe-se/noticias-do-mpt-go/1117-associacao-kalunga-recebe-veiculos-por-meio-de-reversao-de-recursos-acordada-pelo-mpt-go;;primaria: noticia MPT-GO (RSS nacional data 06/05/2026);ACOMPANHAR;Resultado de destinacao direta (acordo MPT-GO x Comurg). Sem edital.
2025-12-03;2026-10-02;MPT-GO;PRT 18ª Região (Goiânia/GO);;MPT-GO destina R$ 1 milhão para ajudar vítimas de tornado no interior do Paraná;;;R$ 1.000.000;;;;Fundo Estadual para Calamidades Publicas do Parana (Fecap);;;https://www.prt18.mpt.mp.br/informe-se/noticias-do-mpt-go/1095-mpt-go-destina-r-1-milhao-para-ajudar-vitimas-de-tornado-no-interior-do-parana;;primaria: noticia MPT-GO;RUIDO;Destinacao a fundo publico, nao a entidade sem fins lucrativos.
2025-11-28;2026-10-02;MPT-GO;PRT 18ª Região (Goiânia/GO);;MPT-GO recebe homenagem da unidade do Corpo de Bombeiros de Quirinópolis;;;R$ 10.000;;;;15ª Companhia Independente de Bombeiro Militar (programa Bombeiro Mirim);;;https://www.prt18.mpt.mp.br/informe-se/noticias-do-mpt-go/1094-mpt-go-recebe-homenagem-da-unidade-do-corpo-de-bombeiros-de-quirinopolis;;primaria: noticia MPT-GO;RUIDO;Destinacao (TAC, dano moral coletivo) a orgao publico.
2025-10-15;2026-10-02;MPT-GO;PRT 18ª Região (Goiânia/GO);;Evento marca entrega de certificados de capacitação profissional a adolescentes e jovens em vulnerabilidade da Cidade de Goiás;;"adolescentes; qualificacao profissional; arte urbana";;;;;Associacao Mulheres Coralinas (Ascoralinas) - projeto custeado por destinacoes MPT-GO/TRT18;;;https://www.prt18.mpt.mp.br/informe-se/noticias-do-mpt-go/1090-evento-marca-entrega-de-certificados-de-capacitacao-profissional-a-adolescentes-e-jovens-em-vulnerabilidade-da-cidade-de-goias;;primaria: noticia MPT-GO;ACOMPANHAR;"Resultado: OSC beneficiada por destinacao; mostra perfil de projeto apoiado. Sem edital."
2025-09-11;2026-10-02;MPT-GO;PRT 18ª Região (Goiânia/GO);;"Projeto ""Mais Um Sem Dor"" recebe R$ 103 mil para custear suas atividades em Palmeiras de Goiás";;"qualificacao profissional; empregabilidade";R$ 103.000;;;;Projeto Mais Um Sem Dor;;;https://www.prt18.mpt.mp.br/informe-se/noticias-do-mpt-go/1084-projeto-mais-um-sem-dor-recebe-r-103-mil-para-custear-suas-atividades-em-palmeiras-de-goias;;primaria: noticia MPT-GO;ACOMPANHAR;Resultado de destinacao (condenacao judicial). Sem edital.
2025-06-02;2026-10-02;MPT-GO;PRT 18ª Região (Goiânia/GO);;Destinação de recursos permite instalação de mais 10 leitos de UTI em hospital referência no tratamento do câncer;;"saude; oncologia";R$ 2,5 milhoes (MPGO + MPT-GO);;;;Hospital de Cancer Araujo Jorge;;;https://www.prt18.mpt.mp.br/informe-se/noticias-do-mpt-go/1072-destinacao-de-recursos-permite-instalacao-de-mais-10-leitos-de-uti-em-hospital-referencia-no-tratamento-do-cancer;;primaria: noticia MPT-GO;ACOMPANHAR;Resultado: entidade filantropica beneficiada (TAC, multas, dano moral coletivo). Sem edital.
2025-03-06;2026-10-02;MPT-GO;PRT 18ª Região (Goiânia/GO);;Atuação do MPT-GO permite que garis da Comurg participem de curso sobre saúde e segurança no trabalho;;;;;;;Curso pelo Senai Vila Canaa para trabalhadores da Comurg;;;https://www.prt18.mpt.mp.br/informe-se/noticias-do-mpt-go/1059-atuacao-do-mpt-go-permite-que-garis-da-comurg-participem-de-curso-sobre-saude-e-seguranca-no-trabalho;;primaria: noticia MPT-GO;RUIDO;Reversao em beneficio de trabalhadores de empresa publica, nao e destinacao aberta a entidades.
2024-05-14;2026-10-02;MPT-GO;PRT 18ª Região (Goiânia/GO);;MPT-GO e Justiça do Trabalho destinam R$ 1,5 milhão para ajudar vítimas das enchentes no Rio Grande do Sul;;;R$ 1.511.616,99;;;;Fundo para Reconstituicao de Bens Lesados (MPRS);;;https://www.prt18.mpt.mp.br/informe-se/noticias-do-mpt-go/1014-mpt-go-e-justica-do-trabalho-destinam-r-1-5-milhao-para-ajudar-vitimas-das-enchentes-no-rio-grande-do-sul;;primaria: noticia MPT-GO;RUIDO;Destinacao a fundo publico (calamidade).
2024-05-16;2026-10-02;MPT-GO;PRT 18ª Região (Goiânia/GO);;Rio Grande do Sul: MPT-GO e TRT-GO revertem R$ 390 mil para municípios atingidos por enchentes;;;R$ 390 mil;;;;;;;https://www.prt18.mpt.mp.br/informe-se/noticias-do-mpt-go/1016-rio-grande-do-sul-mpt-go-e-trt-go-revertem-r-390-mil-para-municipios-atingidos-por-enchentes;;"primaria: busca interna MPT-GO; data via RSS mpt.mp.br";RUIDO;Destinacao a municipios.
2026-08-27;2026-10-02;MPT nacional;nao identificada (noticia no portal PGT);;Cadastro de órgãos e entidades para solicitação de bens e recursos oriundos de reversões;Os inscritos irao compor banco disponivel do MPT para destinacao de recursos decorrentes de acordos e multas trabalhistas (resumo do RSS);;;;;;;;;https://mpt.mp.br/pgt/noticias/cadastro-de-orgaos-e-entidades-para-solicitacao-de-bens-e-recursos-oriundos-de-reversoes;;secundaria: https://mpt.mp.br/search_rss?SearchableText=edital+cadastramento+entidades;ACOMPANHAR;"Corpo da noticia nao legivel pela nuvem; unidade e prazo desconhecidos. Mesmo titulo usado pelo MPT-ES em 02/09/2025 -> pode ser regional de fora de GO. Conferir no computador do titular."
2026-07-01;2026-10-02;MPT nacional;PRT 23ª Região (MPT-MT);;MPT-MT abre cadastro para entidades interessadas em receber recursos de multas e indenizações trabalhistas;;;;;;;;;;https://mpt.mp.br/pgt/noticias/mpt-mt-abre-cadastro-para-entidades-interessadas-em-receber-recursos-de-multas-e-indenizacoes-trabalhistas;;secundaria: RSS de busca mpt.mp.br;RUIDO;"Cadastro de outra regional (MT); fora de Goias. Mantido como referencia de calendario."
2025-10-30;2026-10-02;MPT nacional;nao identificada;;MPT divulga nova portaria e edital e convoca entidades para atualizar cadastro de destinações;A atualizacao e para orgaos da sociedade civil que tenham interesse em receber de[stinacoes] (resumo truncado do RSS);;;;;;;;;https://mpt.mp.br/pgt/noticias/mpt-divulga-nova-portaria-e-edital-e-convoca-entidades-para-atualizar-cadastro-de-destinacoes;;secundaria: RSS de busca mpt.mp.br;ACOMPANHAR;"Possivelmente o anuncio da Portaria 124/2025 e Edital 24/2025 do MPT-GO (publicados no site PRT18 em nov/2025) - NAO confirmado; corpo nao legivel. Indica exigencia de ATUALIZAR cadastro."
2025-10-15;2026-10-02;MPT nacional;PRT 19ª Região (MPT-AL);;MPT-AL lança novo chamamento público para destinação de bens e recursos a instituições sem fins lucrativos;;;;;;;;;;https://mpt.mp.br/pgt/noticias/mpt-al-lanca-novo-chamamento-publico-para-destinacao-de-bens-e-recursos-a-instituicoes-sem-fins-lucrativos-1;;secundaria: RSS de busca mpt.mp.br;RUIDO;Outra regional (AL).
2025-09-26;2026-10-02;MPT nacional;PRT 20ª Região (MPT-SE);;MPT-SE divulga edital para cadastro de órgãos e entidades interessados em receber destinação de bens e recursos;;;;;;;;;;https://mpt.mp.br/pgt/noticias/mpt-se-divulga-edital-para-cadastro-de-orgaos-e-entidades-interessados-em-receber-destinacao-de-bens-e-recursos;;secundaria: RSS de busca mpt.mp.br;RUIDO;Outra regional (SE).
2025-09-05;2026-10-02;MPT nacional;PRT 2ª/15ª Região (MPT-SP);;MPT-SP abre edital para projetos sociais voltados a vítimas do trabalho escravo;;;;;;;;organizacoes (propostas de projetos de acolhimento e capacitacao);;https://mpt.mp.br/pgt/noticias/mpt-sp-abre-edital-para-projetos-sociais-voltados-a-vitimas-do-trabalho-escravo;;secundaria: RSS de busca mpt.mp.br;RUIDO;"Outra regional (SP); exemplo de edital por projeto."
2025-09-02;2026-10-02;MPT nacional;PRT 17ª Região (MPT-ES);;Cadastro de órgãos e entidades de ES para solicitação de bens e recursos oriundos de reversões;;;;;;;;;;https://mpt.mp.br/pgt/noticias/cadastro-de-orgaos-e-entidades-de-es-para-solicitacao-de-bens-e-recursos-oriundos-de-reversoes;;secundaria: RSS de busca mpt.mp.br;RUIDO;Outra regional (ES).
2025-07-15;2026-10-02;MPT nacional;PRT 8ª Região (MPT-PA/AP);;MPT-PA/AP lança edital com novas regras para cadastramento de entidades interessadas em receber bens e recursos;;;;;;;;;;https://mpt.mp.br/pgt/noticias/mpt-pa-ap-lanca-edital-com-novas-regras-para-cadastramento-de-entidades-interessadas-em-receber-bens-e-recursos;;secundaria: RSS de busca mpt.mp.br;RUIDO;Outra regional (PA/AP).
2025-07-01;2026-10-02;MPT nacional;PRT 13ª Região (MPT-PB);;MPT-PB divulga nova portaria e edital sobre destinação de recursos;;;;;;;;;;https://mpt.mp.br/pgt/noticias/mpt-pb-divulga-nova-portaria-e-edital-sobre-destinacao-de-recursos;;secundaria: RSS de busca mpt.mp.br;RUIDO;Outra regional (PB).
2025-06-16;2026-10-02;MPT nacional;MPT-SP;;MPT-SP lança novo edital para cadastramento de entidades interessadas em receber bens e recursos;;;;;;;;;;https://mpt.mp.br/pgt/noticias/mpt-sp-lanca-novo-edital-para-cadastramento-de-entidades-interessadas-em-receber-bens-e-recursos;;secundaria: RSS de busca mpt.mp.br;RUIDO;Outra regional (SP).
2024-10-18;2026-10-02;MPT nacional;PRT 19ª Região (MPT-AL);;MPT-AL lança novo chamamento público para destinação de bens e recursos a instituições sem fins lucrativos;;;;;;;;;;https://mpt.mp.br/pgt/noticias/mpt-al-lanca-novo-chamamento-publico-para-destinacao-de-bens-e-recursos-a-instituicoes-sem-fins-lucrativos;;secundaria: RSS de busca mpt.mp.br;RUIDO;"Outra regional (AL); mostra repeticao anual (out/2024 e out/2025)."
2025-11-08;2026-10-02;MPT nacional;PGT - GT Reversoes;Nota Tecnica 9/2025;Nota Técnica nº 9/2025 - GT Reversões - Decisão cautelar STF ADPF 944;"Orienta membros apos cautelar do STF (16/10/2025) na ADPF 944: destinacao primaria a fundos (FDD/FAT); destinacao direta excepcional e motivada (Res. Conjunta CNJ/CNMP 10/2024), com pertinencia tematica e preferencia local; pode beneficiar entidades privadas sem fins lucrativos previamente cadastradas";;;;;;;;;https://mpt.mp.br/pgt/noticias/nota-tecnica-no-9-2025-gt-reversoes-decisao-cautelar-stf-adpf-944.pdf/view;https://mpt.mp.br/pgt/noticias/nota-tecnica-no-9-2025-gt-reversoes-decisao-cautelar-stf-adpf-944.pdf;primaria: PDF no portal PGT;ACOMPANHAR;Regra nacional que condiciona as destinacoes diretas a entidades.
2025-10-09;2026-10-02;MPF;PR-GO (Chefia/Gabinete);não informado na notícia;MPF em Goiás cadastra entidades e órgãos públicos para recebimento de bens e valores decorrentes da atuação da instituição;Chamamento público para cadastro regional e nacional de entidades aptas a receber bens e valores de acordos e da atuação finalística do MPF (Res. Conjunta CNJ/CNMP 10/2024 e Portaria PGR/MPF 1.097/2024);não especificadas na notícia (a Portaria trata de direitos difusos e coletivos em geral);"não se aplica (cadastro; a inclusão não garante destinação)";2025-10-09;"não informado; recebimento contínuo; edital renovado a cada 2 anos (art. 2º da Portaria 1.097/2024)";"15 dias contra indeferimento (art. 3º §3º da Portaria 1.097/2024); 5 dias úteis para sanar pendências";validação do cadastro pela Chefia da PR-GO;pessoas jurídicas de direito privado sem fins lucrativos e órgãos/entidades públicas federais, estaduais, distritais e municipais;"Formulário de Inscrição e Termo de Adesão (Anexo I); atos constitutivos; documento do representante legal; reconhecimento de utilidade pública (se houver); certidões FGTS, previdenciária e trabalhista; declaração de inexistência de parentesco até 3º grau com membros/servidores do MPF";https://www.mpf.mp.br/o-mpf/unidades/pr-go/noticias/mpf-em-goias-cadastra-entidades-e-orgaos-publicos-para-recebimento-bens-e-valores-decorrentes-da-atuacao-da-instituicao;https://www.mpf.mp.br/docs/edital-de-chamamento-para-recebimento-de-bens-e-valores (404 em 02/10/2026);notícias PR-GO, b_start:int=50;ACOMPANHAR;Cadastro contínuo que deve estar aberto hoje (o edital é bienal, de 10/2025 a cerca de 10/2027). Não tem data final legível e o PDF do edital está fora do ar, por isso não entra como OPORTUNIDADE. Ação recomendada: protocolar a inscrição em https://aplicativos.mpf.mp.br/ouvidoria/app/protocolo/ (exige gov.br).
2024-11-12;2026-10-02;MPF;PGR;Portaria PGR/MPF nº 1.097/2024;Regulamenta o cadastramento de entidades e órgãos para recebimento de bens e valores e a prestação de contas;"Cadastro de beneficiários de bens e valores de acordos coletivos extrajudiciais do MPF; edital por unidade a cada 2 anos com recebimento contínuo; prestação de contas (art. 8º)";tutela coletiva em geral;;;;15 dias (art. 3º §3º);;PJ de direito privado sem fins lucrativos e órgãos públicos;art. 5º;https://www.mpf.mp.br/atuacao/ccr4/normas/copy_of_portarias/portarias-2024/Portaria10972024PGRMPF.pdf/view;https://www.mpf.mp.br/o-mpf/unidades/pr-ba/destinacao-de-bens-e-valores/docs/portariapgrmpfn1-097.pdf;página PR-BA destinação de bens e valores e busca do MPF;ACOMPANHAR;Regra nacional. Determina que cada PR publique edital bienal.
2025-10-27;2026-10-02;MPF;PR-GO (Secretaria Estadual);Edital de Doação de Bens nº 01/2025-MPF/PR-GO/SE;Edital de doação de bens móveis;Doação de bens ociosos/antieconômicos (veículos, mobiliário, informática, mais de 600 livros), em lotes;administrativo (bens do próprio órgão);não informado;2025-10-27;2025-11-06;;lista de selecionadas divulgada em 26/11/2025;"unidades do MPU, órgãos públicos, estados e municípios, OSCIP, entidades sem fins lucrativos de utilidade pública e entidades de inclusão digital. Órgãos públicos têm preferência; empate resolvido por ordem de chegada";"solicitação (Anexo II); ato constitutivo; atas; identificação do dirigente; certidão OSCIP; CNPJ; regularidade INSS/FGTS/trabalhista; certidões fiscais";https://www.mpf.mp.br/o-mpf/unidades/pr-go/transparencia/bens-para-doacao;https://www.mpf.mp.br/o-mpf/unidades/pr-go/transparencia/bens-para-doacao/edital-de-doacao-de-bens-ndeg-1-2025/@@download/file/Edital de Doacao de Bens N 01-2025-MPF-PR-GO-SE.pdf;transparência PR-GO + notícia de 28/10/2025;ACOMPANHAR;Encerrado. Repete-se (2023, 2025) e tem prazo curto: 10 dias corridos após a publicação. Não é reparação de dano, mas OSC pode receber.
2025-11-28;2026-10-02;MPF;PR-GO;resultado do Edital 01/2025;MPF divulga lista de instituições selecionadas para receber bens doados;Resultado da doação de bens;;;;;;Selecionadas: instituições de ensino, órgãos públicos e uma ONG (Amor Sem Fronteiras);;;https://www.mpf.mp.br/o-mpf/unidades/pr-go/noticias/mpf-divulga-lista-de-instituicoes-selecionadas-para-receber-bens-doados;https://www.mpf.mp.br/transparencia/bens-para-doacao/resultado-doacao-de-bens (não verificado);notícias PR-GO;ACOMPANHAR;Resultado. Mostra que ONG foi contemplada.
2025-09-11;2026-10-02;MPF;PR-PB;Edital nº 001/2025;MPF lança chamamento público para cadastro de entidades aptas a receber bens e valores de processos judiciais e extrajudiciais na PB;Cadastro conforme Res. Conjunta 10/2024 e Portaria 1.097/2024;patrimônio público, meio ambiente, patrimônio histórico-cultural, concorrência e consumidor;;2025-09-15;contínuo;;;PJ privada sem fins lucrativos e órgãos públicos;;https://www.mpf.mp.br/o-mpf/unidades/pr-pb/noticias/mpf-lanca-chamamento-publico-para-cadastro-de-entidades-aptas-a-receber-bens-e-valores-de-processos-judiciais-e-extrajudiciais-na-pb;;busca MPF;ACOMPANHAR;Fora de GO. Serve de referência do modelo nacional (os editais das PRs são padronizados pelo Anexo I da Portaria).
2025-11-19;2026-10-02;MPF;PR-BA;Edital de Chamamento Público PRBA nº 92/2025;Destinação de bens e valores - chamamento público;Cadastro de entidades (Portaria PR/BA 223/2025);;;;não informado;;;PJ privada sem fins lucrativos e órgãos públicos;Formulário de Inscrição e Termo de Adesão via MPF Serviços;https://www.mpf.mp.br/o-mpf/unidades/pr-ba/destinacao-de-bens-e-valores;https://www.mpf.mp.br/o-mpf/unidades/pr-ba/destinacao-de-bens-e-valores/docs/edital92_19112025.pdf;busca MPF;ACOMPANHAR;Fora de GO. Referência de página dedicada. Data inferida do nome do arquivo (19112025).
2026-03-30;2026-10-02;MPDFT;PGJ / Cema / Apma;Edital PGJ nº 1/2026;Edital de formação de cadastro de pessoas jurídicas de direito privado sem fins lucrativos;Cadastro de entidades para receber bens e recursos de decisões judiciais e instrumentos autocompositivos (tutela coletiva e medidas alternativas);projetos de promoção de direitos transindividuais e atendimento à população;;abril/2026 (dia não confirmado);abril/2026 (dia não confirmado);;51 instituições habilitadas (18/09/2026);pessoas jurídicas de direito privado sem fins lucrativos;análise documental + visita técnica (o detalhe está no PDF, que não li por bloqueio do robots);https://www.mpdft.mp.br/portal/index.php/comunicacao-menu/sala-de-imprensa/noticias/noticias-2026/17805-medidas-alternativas-mpdft-apresenta-resultados-e-iniciativas-dos-ultimos-dois-anos;https://www.mpdft.mp.br/portal/images/pdf/unidades/cema/edital_1_2026_formacao_cadastro_pessoas_juridicas_direito_privado_sem_fins_lucrativos.pdf;tag medidas-alternativas + notícias 30/03 e 13/07/2026;ACOMPANHAR;"Inscrições encerradas em abril/2026. Data de 30/03/2026 é a da assinatura anunciada; publicação 'em breve'. Provável repetição em ciclo futuro."
2026-07-13;2026-10-02;MPDFT;Apma / Cema / Semas;Edital PGJ nº 1/2026 (etapa);MPDFT agiliza avaliação de entidades para cadastro de destinação de recursos;46 visitas técnicas simultâneas em 10/07/2026;;;;;;;;;https://www.mpdft.mp.br/portal/index.php/comunicacao-menu/sala-de-imprensa/noticias/18060-mpdft-agiliza-avaliacao-de-entidades-para-cadastro-de-destinacao-de-recursos;;tag medidas-alternativas;ACOMPANHAR;Etapa intermediária do edital.
2026-09-18;2026-10-02;MPDFT;Apma / Cema / Semas;Despacho SEI 4123038 (Edital PGJ 1/2026);MPDFT habilita 51 instituições para cadastro de destinação de recursos;Resultado do cadastro;;;;;;51 instituições habilitadas (a lista está no PDF, não lida por bloqueio do robots);;;https://www.mpdft.mp.br/portal/index.php/comunicacao-menu/sala-de-imprensa/noticias/18219-mpdft-habilita-51-instituicoes-para-cadastro-de-destinacao-de-recursos;https://www.mpdft.mp.br/portal/images/noticias/setembro_2026/sei_4123038_despacho_administrativo_2_2.pdf;tag medidas-alternativas;ACOMPANHAR;Resultado. Prazo de recurso não visto (estaria no despacho).
2024-03-06;2026-10-02;MPDFT;Cema / Semas;;MPDFT já destinou mais de R$ 2,6 mi em medidas alternativas a projetos;Balanço 2022-2023: R$ 2.668.757,92 em 1.697 encaminhamentos a 227 projetos, via Semas e o painel Mapa Social;;R$ 2.668.757,92 (2022-2023);;;;;instituições parceiras das Semas;;https://www.mpdft.mp.br/portal/index.php/comunicacao-menu/sala-de-imprensa/noticias/noticias-2024/15632-mpdft-ja-destinou-mais-de-r-2-6-mi-em-medidas-alternativas-a-projetos;;tag medidas-alternativas;ACOMPANHAR;Canal permanente de prestação pecuniária (sem edital até 2026). A entidade se aproxima pela Sema da sua região. Balanço do biênio 2024-2025 (17/03/2026): R$ 3.886.459,89.
2026-06-03;2026-10-02;MPDFT;Sema Riacho Fundo;;Sede de grupo escoteiro no Riacho Fundo I é inaugurada com recurso de medidas alternativas;Prestações pecuniárias destinadas a grupo escoteiro pelo projeto 'Nós Podemos Muito Mais';;;;;;;;;https://www.mpdft.mp.br/portal/index.php/comunicacao-menu/sala-de-imprensa/noticias/noticias-2026/17970-sede-de-grupo-escoteiro-no-riacho-fundo-i-e-inaugurada-com-recurso-de-medidas-alternativas;;tag medidas-alternativas;ACOMPANHAR;Exemplo de destinação direta a associação, sem edital.
2024-04-12;2026-10-02;MPM;4ª PJM Rio de Janeiro;;Ministério Público Militar celebra Acordo de Não Persecução Penal em crime militar ambiental;ANPP com prestação pecuniária destinada ao Instituto Vida Livre (entidade de fauna) e prestação de serviço em unidade militar;;;;;;;;;https://www.mpm.mp.br/arquivos/62167;;busca mpm.mp.br ?s=prestação pecuniária;ACOMPANHAR;Destinação caso a caso, sem edital nem cadastro. Indica que o MPM destina a entidades, mas não há canal de inscrição.
2026-09-01;2026-10-02;MPF;PR-GO (com MPGO);;MPF e MPGO obtêm sentença que determina fechamento definitivo do aterro sanitário em Goiás;Dano moral coletivo de R$ 3 milhões destinado ao Fundo de Defesa de Direitos Difusos;;R$ 3.000.000;;;;;;;https://www.mpf.mp.br/o-mpf/unidades/pr-go/noticias/decisao-determina-fechamento-definitivo-do-aterro-ouro-verde-e-fixa-indenizacao-de-r-3-milhoes;;notícias PR-GO;RUIDO;Destinação a fundo (FDD), sem chamamento de entidades. O FDD tem edital próprio no MJSP.
2026-09-25;2026-10-02;MPDFT;não identificada;;MPDFT obtém destinação de mais de R$ 12 milhões para o Fundo de Modernização da PCDF;Destinação a fundo público;;> R$ 12 milhões;;;;;;;https://www.mpdft.mp.br/portal/index.php/comunicacao-menu/sala-de-imprensa/noticias/noticias-2026/18239-mpdft-obtem-destinacao-de-mais-de-r-12-milhoes-para-o-fundo-de-modernizacao-da-pcdf;;notícias 2026;RUIDO;Fundo público de órgão policial, não é para entidades.
2026-08-06;2026-10-02;MPDFT;4ª Prodecon;TAC 867/2026;TAC - venda casada em contratos de empréstimo;Obrigação de conduta;;;;;;;;;https://www.mpdft.mp.br/transparencia/index.php?item=tac;;transparência MPDFT TAC;RUIDO;TAC sem chamamento de entidades.
2026-09-14;2026-10-02;MPM;PJM Manaus;Edital de Notificação nº 1 de 31/08/2026;Edital de Notificação;Notificação processual;;;;;;;;;https://www.mpm.mp.br/notificacoes/;;mpm.mp.br/notificacoes;RUIDO;O léxico 'edital' engana: é notificação processual, não destinação.
2026-02-03;2026-10-02;MPF;PR-GO;Edital de Doação 01/2023 (arquivo modificado em 03/02/2026);Edital de Doação de Bens 1/2023;Desfazimento de bens (inclui associações de recicladores, excepcionalmente);;;;15 dias após 24/01/2023;;;;;;https://www.mpf.mp.br/o-mpf/unidades/pr-go/transparencia/licitacoes/ano-2023/Edital%20de%20Doacao%20de%20Bens%2012023.pdf;busca MPF 'PRGO edital destinação';RUIDO;Assinado em 24/01/2023, fora da janela 02/10/2023 a 02/10/2026. A data de 2026 é só modificação do arquivo. Mantido como armadilha de data.
2023-10-24;2026-10-02;Ministério da Justiça e Segurança Pública;Senacon/CFDD - FDD;Edital de Chamada Pública nº 02/2023;Seleção de Projetos - Núcleos de Atendimento aos Superendividados (NAS);Implantar (Nível I) ou aprimorar (Nível II) Núcleos de Atendimento aos Superendividados, conforme Lei 14.181/2021;['defesa do consumidor', 'superendividamento'];"R$ 40.000.000,00 no total; Nível I até R$ 400 mil (60 projetos); Nível II até R$ 500 mil (32 projetos); mínimo R$ 200 mil";2023-10-24;2023-11-14;"5 dias úteis após resultado preliminar (24/11/2023); edital cita 27/11/2023";Resultado final até 07/12/2023: 59 propostas classificadas (31 Nível I, 28 Nível II), majoritariamente municípios;Entes públicos estaduais, municipais e do DF com defesa do consumidor entre objetivos (federais via TED) que participaram do Programa Renegocia (24/07-14/08/2023). OSC NÃO elegível.;['Declaração de capacidade técnica e gerencial', 'Plano de Trabalho/Termo de Referência', 'Plano de Sustentabilidade', 'Declaração de capacidade de implantação/aprimoramento', 'Declaração de ciência e concordância', 'Comprovante de contrapartida (estados/municípios)'];https://www.gov.br/mj/pt-br/assuntos/seus-direitos/consumidor/direitos-difusos/selecoes-anteriores;https://www.gov.br/mj/pt-br/assuntos/seus-direitos/consumidor/direitos-difusos/selecao-em-andamento/edital-2-2023-nas/copy_of_Edital02NAS23.10.2023.pdf;gov.br/mj - Seleções Anteriores;RUIDO;"Encerrado em 2023 e restrito a entes públicos; útil só como referência histórica de formato de edital FDD."
;2026-10-02;Ministério da Justiça e Segurança Pública;Senacon/CFDD - FDD;Edital nº 01/2023 (PRONASCI 2) - Resultado definitivo;Seleção de Projetos - Programa Nacional de Segurança Pública com Cidadania (Pronasci 2) - propostas classificadas em análise definitiva;Resultado definitivo da seleção de projetos do Edital 1/2023 (inscrições 28/07 a 12/09/2023);['segurança pública com cidadania', 'direitos difusos'];;2023-07-28;2023-09-12;;138 propostas classificadas e 51 eliminadas em análise definitiva (189 no total);Não confirmado nesta coleta (edital não lido);;https://www.gov.br/mj/pt-br/assuntos/seus-direitos/consumidor/direitos-difusos/selecoes-anteriores;https://www.gov.br/mj/pt-br/assuntos/seus-direitos/consumidor/direitos-difusos/selecao-em-andamento/edital-01-2023-pronasci-2/copy4_of_PropostasClassificadasemAnliseDefinitiva.pdf;gov.br/mj - Seleções Anteriores;RUIDO;"Edital publicado antes da janela; data do resultado não consta no PDF (provavelmente fim de 2023, não confirmado). Encerrado."
