id;motivo;familia;orgao;uf;fim;acao
20ec3e11386b87af1e16;reprovado por objeto: nao e edital de fomento a OSC;Concurso de premiação a artesãos (pessoa física ou jurídica) para confecção, entrega e mon;PNCP — MUNICIPIO DE FARROUPILHA;RS;2026-10-28;arquivar no historico, retirar da fila de verificacao e do painel de abertos
bf89ef0c39788a84b9d1;reprovado por objeto: nao e edital de fomento a OSC;Credenciamento de parecerista/avaliador — inscrição de profissionais para compor Subcomiss;PNCP — MUNICIPIO DE GUAIRA;PR;2024-02-05;arquivar no historico, retirar da fila de verificacao e do painel de abertos
7c1d235d56365c9c24b4;reprovado por objeto: nao e edital de fomento a OSC;Credenciamento de parecerista/avaliador — seleção de profissionais para compor Subcomissão;PNCP — IPOJUCA CAMARA MUNICIPAL;PE;;arquivar no historico, retirar da fila de verificacao e do painel de abertos
d297e885025d1befc94d;reprovado por objeto: nao e edital de fomento a OSC;Credenciamento de asilos/ILPI — prestação de serviço de acolhimento ao município remunerad;PNCP — MUNICIPIO DE TRIUNFO;RS;2024-12-31;arquivar no historico, retirar da fila de verificacao e do painel de abertos
c3d47bb145833ff5f916;reprovado por objeto: nao e edital de fomento a OSC;credenciamento de prestador de serviço de saúde remunerado por procedimento, aberto a pess;PNCP — CONSORCIO PUBLICO DE SAUDE DA MICRORREGIAO DE CRATEUS - CPSMCR;CE;;arquivar no historico, retirar da fila de verificacao e do painel de abertos
1a5c559c5de819b1d25c;reprovado por objeto: nao e edital de fomento a OSC;busca de patrocinador pelo próprio órgão — a entidade pagaria, não receberia;PNCP — MUNICIPIO DE LAGOA VERMELHA;RS;;arquivar no historico, retirar da fila de verificacao e do painel de abertos
f44e311d4a4e5865cd2d;reprovado por objeto: nao e edital de fomento a OSC;contratação de prestador de serviço de acolhimento remunerado por vaga;PNCP — FUNDO MUNICIPAL DE SAUDE DE SAO BENTO DO SUL;SC;;arquivar no historico, retirar da fila de verificacao e do painel de abertos
7e5cfad2137f172eb56c;reprovado por objeto: nao e edital de fomento a OSC;credenciamento para fornecimento de espaço — locação de bem, aberto a pessoa física;PNCP — MUNICIPIO DE ALTO FELIZ;RS;;arquivar no historico, retirar da fila de verificacao e do painel de abertos
4130058eb4a6fac34bd9;reprovado por objeto: nao e edital de fomento a OSC;credenciamento de parecerista/avaliador para subcomissão técnica de julgamento;PNCP — MUNICIPIO DE SAO ROQUE;SP;;arquivar no historico, retirar da fila de verificacao e do painel de abertos
087e80b98c5cf7da0b81;reprovado por objeto: nao e edital de fomento a OSC;manifestação de interesse de proprietários de área rural — captação de imóvel, não repasse;PNCP — MUNICIPIO DE AGROLANDIA;SC;;arquivar no historico, retirar da fila de verificacao e do painel de abertos
32b6a165f6e49a6d716d;reprovado por objeto: nao e edital de fomento a OSC;prospecção de imóvel para locação;PNCP — SANTA CATARINA TRIBUNAL DE JUSTICA;SC;;arquivar no historico, retirar da fila de verificacao e do painel de abertos
6a15cb79016572930cd8;reprovado por objeto: nao e edital de fomento a OSC;locação de imóvel urbano para sede de órgão público;PNCP — ESTADO DA BAHIA;BA;;arquivar no historico, retirar da fila de verificacao e do painel de abertos
14a08a92997115da8279;reprovado por objeto: nao e edital de fomento a OSC;prazo encerrado em 12/06/2025 e certame ja contratado (minutas de contrato juntadas em 17/;PNCP — MUNICIPIO DE IPORA;PR;2025-06-12;arquivar no historico, retirar da fila de verificacao e do painel de abertos
244e3090efac17f5c82b;reprovado por objeto: nao e edital de fomento a OSC;prazo encerrado em 05/09/2025;PNCP — MUNICIPIO DE CAMPO MOURAO;PR;2025-09-05;arquivar no historico, retirar da fila de verificacao e do painel de abertos
2e216c29f9b5444501ba;reprovado por objeto: nao e edital de fomento a OSC;edital de 2024 com prazo encerrado, data da API autocontraditoria (encerramento anterior a;PNCP — MUNICIPIO DE COLIDER;MT;;arquivar no historico, retirar da fila de verificacao e do painel de abertos
34fcd0f7fbf6291a42f3;reprovado por objeto: nao e edital de fomento a OSC;nao e fomento a OSC: selecao de OSCIP (Lei 9.790/99) para executar servicos de saude do mu;PNCP — MUNICIPIO DE MIRASSOL D'OESTE;MT;2025-08-20;arquivar no historico, retirar da fila de verificacao e do painel de abertos
43ec6258b8523a140c08;reprovado por objeto: nao e edital de fomento a OSC;"prazo encerrado em 06/07/2026, com status ""Encerrado"" confirmado no portal oficial do muni";PNCP — MUNICIPIO DE SENADOR POMPEU;CE;2026-07-06;arquivar no historico, retirar da fila de verificacao e do painel de abertos
52715deee843fac8f817;reprovado por objeto: nao e edital de fomento a OSC;prazo encerrado em 02/10/2025;PNCP — MUNICIPIO DE CARAZINHO;RS;2025-10-02;arquivar no historico, retirar da fila de verificacao e do painel de abertos
6110c2223fa6ce0f8e0e;reprovado por objeto: nao e edital de fomento a OSC;prazo encerrado em 31/03/2025;PNCP — MUNICIPIO DE GRAVATAI;RS;2025-03-31;arquivar no historico, retirar da fila de verificacao e do painel de abertos
82f947d591f92ed7759c;reprovado por objeto: nao e edital de fomento a OSC;nao e fomento a OSC: acordo de cooperacao para coleta seletiva solidaria, sem repasse de r;PNCP — ESTADO DO RIO DE JANEIRO;RJ;2025-09-17;arquivar no historico, retirar da fila de verificacao e do painel de abertos
898d930ce5601d1616e3;reprovado por objeto: nao e edital de fomento a OSC;edital já julgado — homologação publicada nos anexos do próprio registro;PNCP — MUNICIPIO DE BENTO GONCALVES;RS;;arquivar no historico, retirar da fila de verificacao e do painel de abertos
97e10cdefb4a772fb529;reprovado por objeto: nao e edital de fomento a OSC;prazo encerrado em 31/03/2025 e registro duplicado (mesma chave PNCP do item b755253db7c12;PNCP — MUNICIPIO DE GRAVATAI;RS;2025-03-31;arquivar no historico, retirar da fila de verificacao e do painel de abertos
b755253db7c120e34580;reprovado por objeto: nao e edital de fomento a OSC;prazo encerrado em 31/03/2025 e registro duplicado (mesma chave PNCP do item 97e10cdefb4a7;PNCP — MUNICIPIO DE GRAVATAI;RS;2025-03-31;arquivar no historico, retirar da fila de verificacao e do painel de abertos
ae150797cb8ff2c5fa0f;reprovado por objeto: nao e edital de fomento a OSC;prazo encerrado — única data disponível (02/06/2026) já vencida, cronograma real não confi;PNCP — FUNDO MUNICIPAL DOS DIREITOS DA CRIANCA E DO ADOLESCENTE DE GUA;SC;2026-06-02;arquivar no historico, retirar da fila de verificacao e do painel de abertos
b8c90c7a8928773bd959;reprovado por objeto: nao e edital de fomento a OSC;prazo encerrado em 02/10/2025;PNCP — MUNICIPIO DE ROSARIO DO SUL;RS;2025-10-02;arquivar no historico, retirar da fila de verificacao e do painel de abertos
ced063d82912665631c2;reprovado por objeto: nao e edital de fomento a OSC;prazo encerrado — única data disponível (07/01/2026) já vencida, cronograma real não confi;PNCP — MUNICIPIO DE ITABAIANINHA;SE;2026-01-07;arquivar no historico, retirar da fila de verificacao e do painel de abertos
d6ff07772a8525e4a45c;reprovado por objeto: nao e edital de fomento a OSC;prazo encerrado em 18/10/2024 e, além disso, subsídio Aldir Blanc a espaços culturais — pr;PNCP — MUNICIPIO DE RIBEIRAO DAS NEVES;MG;2024-10-18;arquivar no historico, retirar da fila de verificacao e do painel de abertos
e080181a9a109e669934;reprovado por objeto: nao e edital de fomento a OSC;compra de vagas — credenciamento de prestador remunerado por vaga de creche, fora do perfi;PNCP — MUNICIPIO DE SAPUCAIA DO SUL;RS;;arquivar no historico, retirar da fila de verificacao e do painel de abertos
e59147d5c5bbf24f3208;reprovado por objeto: nao e edital de fomento a OSC;registro anulado no PNCP, sem edital anexado, apenas despacho;PNCP — BOM JESUS DO ITABAPOANA PREFEITURA;RJ;;arquivar no historico, retirar da fila de verificacao e do painel de abertos
4e8961e172feb22c5227;reprovado por objeto: nao e edital de fomento a OSC;prazo encerrado em 19/03/2024, ha cerca de 18 meses;PNCP — MUNICIPIO DE MAMBORE;PR;2024-03-19;arquivar no historico, retirar da fila de verificacao e do painel de abertos
80283fe7346eec3fae05;reprovado por objeto: nao e edital de fomento a OSC;objeto vencido (Carnaval 2024) e datas do PNCP inconsistentes, sem janela real;PNCP — MUNICIPIO DE ALVORADA;RS;;arquivar no historico, retirar da fila de verificacao e do painel de abertos
217ba2edfd96404374b3;reprovado por objeto: nao e edital de fomento a OSC;prazo encerrado em 08/08/2023, ha mais de 3 anos;PNCP — INSTITUTO BRASILEIRO DE MUSEUS - IBRAM;DF;2023-08-08;arquivar no historico, retirar da fila de verificacao e do painel de abertos
95ca296b9b2eb1502b2f;reprovado por objeto: nao e edital de fomento a OSC;prazo encerrado em 25/05/2026, publicacao no PNCP retroativa, em 03/09/2026;PNCP — FUNDO MUNICIPAL DE ASSISTENCIA SOCIAL;SC;2026-05-25;arquivar no historico, retirar da fila de verificacao e do painel de abertos
eaa12d99fc473fb7ac68;reprovado por objeto: nao e edital de fomento a OSC;edital já julgado, homologado e adjudicado, sessão de 25/03/2025 encerrada e publicação re;PNCP — MUNICIPIO DE VILA RICA;MT;2025-03-25;arquivar no historico, retirar da fila de verificacao e do painel de abertos
57c89961908faa5f036f;reprovado por objeto: nao e edital de fomento a OSC;credenciamento de prestador para executar programa próprio da CAIXA, remunerado por vaga d;PNCP — CAIXA ECONOMICA FEDERAL;DF;2026-10-08;arquivar no historico, retirar da fila de verificacao e do painel de abertos
30ec946c0da038e039cc;reprovado por objeto: nao e edital de fomento a OSC;prestação de serviços de apoio à administração pública municipal travestida de Termo de Co;PNCP — MUNICIPIO DE IBIAPINA;CE;;arquivar no historico, retirar da fila de verificacao e do painel de abertos
f1ca92b53138bf67e586;reprovado por objeto: nao e edital de fomento a OSC;prazo encerrado em 07/01/2025, há mais de vinte meses, natureza de fomento é legítima, a r;PNCP — MUNICIPIO DE CARIRE;CE;2025-01-07;arquivar no historico, retirar da fila de verificacao e do painel de abertos
443dfeed2a9493ab123d;reprovado por objeto: nao e edital de fomento a OSC;pagina de atos ja celebrados por inexigibilidade — sem fase de inscricao;Secretaria de Estado da Cultura de Goiás (SECULT-GO), CNPJ 32.746.693/;GO;;arquivar no historico, retirar da fila de verificacao e do painel de abertos
ddf352133bbf37885a89;reprovado por objeto: nao e edital de fomento a OSC;chamamento revogado pelo proprio municipio;PNCP — MUNICIPIO DE QUIXERAMOBIM;CE;;arquivar no historico, retirar da fila de verificacao e do painel de abertos
95c61dfd946ec5a96c3f;reprovado por objeto: nao e edital de fomento a OSC;resultado de edital já julgado - não é oportunidade de captação;Secult Goiás — Goyazes e Aldir Blanc;BR;;arquivar no historico, retirar da fila de verificacao e do painel de abertos
ad1dc41c5c10b2561626;reprovado por objeto: nao e edital de fomento a OSC;ciclo com inscrições encerradas - todos os editais em avaliação ou resultado, título do re;Secult Goiás — Goyazes e Aldir Blanc;BR;;arquivar no historico, retirar da fila de verificacao e do painel de abertos
6e528af364033c54abd9;reprovado por objeto: nao e edital de fomento a OSC;duplicata do registro 0eac700d7cb170ff96b1;Instituto Impactarte;BR;;arquivar no historico, retirar da fila de verificacao e do painel de abertos
004fceda;reprovado por objeto: nao e edital de fomento a OSC;servico_ao_orgao;CONSORCIO INTERMUNICIPAL DE SAUDE;PR;2026-09-01;arquivar no historico, retirar da fila de verificacao e do painel de abertos
00accb2a;reprovado por objeto: nao e edital de fomento a OSC;compra_ou_fornecimento;MUNICIPIO DE SORRISO;MT;;arquivar no historico, retirar da fila de verificacao e do painel de abertos
02d35de7;reprovado por objeto: nao e edital de fomento a OSC;compra_ou_fornecimento;MUNICIPIO DE ARAPONGAS;PR;2024-05-14;arquivar no historico, retirar da fila de verificacao e do painel de abertos
03d41114;reprovado por objeto: nao e edital de fomento a OSC;servico_ao_orgao;CONSORCIO INTERMUNICIPAL DE SAUDE;PR;2024-08-06;arquivar no historico, retirar da fila de verificacao e do painel de abertos
0497bb49;reprovado por objeto: nao e edital de fomento a OSC;servico_ao_orgao;MUNICIPIO DE PATOS DE MINAS;MG;2024-07-26;arquivar no historico, retirar da fila de verificacao e do painel de abertos
05468aae;reprovado por objeto: nao e edital de fomento a OSC;instituicao_financeira;MUNICIPIO DE PATOS DE MINAS;MG;2024-07-04;arquivar no historico, retirar da fila de verificacao e do painel de abertos
05f2e484;reprovado por objeto: nao e edital de fomento a OSC;servico_ao_orgao;CONSORCIO INTERMUNICIPAL DE SAUDE COSTA OESTE DO PARANA;PR;2034-05-09;arquivar no historico, retirar da fila de verificacao e do painel de abertos
0723ecd7;reprovado por objeto: nao e edital de fomento a OSC;servico_ao_orgao;CONSORCIO INTERMUNICIPAL DE SAUDE COSTA OESTE DO PARANA;PR;2034-06-07;arquivar no historico, retirar da fila de verificacao e do painel de abertos
0811d2f6;reprovado por objeto: nao e edital de fomento a OSC;compra_publica;MUNICIPIO DE POCOES;BA;2027-09-04;arquivar no historico, retirar da fila de verificacao e do painel de abertos
08f8860a;reprovado por objeto: nao e edital de fomento a OSC;parecerista_ou_juri;PNCP — MUNICIPIO DE FERNANDOPOLIS;SP;;arquivar no historico, retirar da fila de verificacao e do painel de abertos
090b7801;reprovado por objeto: nao e edital de fomento a OSC;servico_ao_orgao;MUNICIPIO DE ARAMBARE;RS;2026-04-15;arquivar no historico, retirar da fila de verificacao e do painel de abertos
097f1245;reprovado por objeto: nao e edital de fomento a OSC;compra_ou_fornecimento;MUNICIPIO DE ITAPECURU MIRIM;MA;2025-01-21;arquivar no historico, retirar da fila de verificacao e do painel de abertos
0989e3b2;reprovado por objeto: nao e edital de fomento a OSC;servico_ao_orgao;CONSORCIO INTERMUNICIPAL DE SAUDE;PR;2024-05-02;arquivar no historico, retirar da fila de verificacao e do painel de abertos
0b74c8f7;reprovado por objeto: nao e edital de fomento a OSC;pagina_indice_de_terceiros;;;;arquivar no historico, retirar da fila de verificacao e do painel de abertos
0c56a1e5;reprovado por objeto: nao e edital de fomento a OSC;servico_ao_orgao;MUNICIPIO DE BRAUNAS;MG;2025-05-08;arquivar no historico, retirar da fila de verificacao e do painel de abertos
0ca64575;reprovado por objeto: nao e edital de fomento a OSC;resultado_de_edital;CONSORCIO PUBLICO INTERMUNICIPAL DE SAUDE DA AMESC;SC;2026-09-01;arquivar no historico, retirar da fila de verificacao e do painel de abertos
0d4f0342;reprovado por objeto: nao e edital de fomento a OSC;servico_ao_orgao;FUNDO MUNICIPAL DE SAUDE DE AURORA;SC;2024-03-08;arquivar no historico, retirar da fila de verificacao e do painel de abertos
0d8de3ae;reprovado por objeto: nao e edital de fomento a OSC;instituicao_financeira;MUNICIPIO DE BOM DESPACHO;MG;2024-05-24;arquivar no historico, retirar da fila de verificacao e do painel de abertos
0d8ec883;reprovado por objeto: nao e edital de fomento a OSC;servico_ao_orgao;PNCP — MUNICIPIO DE SANTA VITORIA;MG;;arquivar no historico, retirar da fila de verificacao e do painel de abertos
0f61c0c1;reprovado por objeto: nao e edital de fomento a OSC;servico_ao_orgao;MUNICIPIO DE ARIQUEMES;RO;2024-12-31;arquivar no historico, retirar da fila de verificacao e do painel de abertos
0f888634;reprovado por objeto: nao e edital de fomento a OSC;servico_ao_orgao;PNCP — MUNICIPIO DE ILICINEA;MG;;arquivar no historico, retirar da fila de verificacao e do painel de abertos
1031e403;reprovado por objeto: nao e edital de fomento a OSC;convenio_de_desconto;CONSELHO REGIONAL DE CONTABILIDADE DO CEARA;CE;2025-12-19;arquivar no historico, retirar da fila de verificacao e do painel de abertos
105179f1;reprovado por objeto: nao e edital de fomento a OSC;servico_ao_orgao;MUNICIPIO DE PASSO FUNDO;RS;2026-03-25;arquivar no historico, retirar da fila de verificacao e do painel de abertos
10601c21;reprovado por objeto: nao e edital de fomento a OSC;servico_ao_orgao;PNCP — MUNICIPIO DE ARTUR NOGUEIRA;SP;;arquivar no historico, retirar da fila de verificacao e do painel de abertos
108bba5b;reprovado por objeto: nao e edital de fomento a OSC;imovel_ou_mercado;MUNICIPIO DE LAGEDO DO TABOCAL;BA;2025-01-27;arquivar no historico, retirar da fila de verificacao e do painel de abertos
10eb5ecf;reprovado por objeto: nao e edital de fomento a OSC;servico_ao_orgao;MUNICIPIO DE ITUPEVA;SP;2024-12-31;arquivar no historico, retirar da fila de verificacao e do painel de abertos
12413d79;reprovado por objeto: nao e edital de fomento a OSC;servico_ao_orgao;FUNDO MUNICIPAL DE SAUDE;RO;2024-05-16;arquivar no historico, retirar da fila de verificacao e do painel de abertos
1262b379;reprovado por objeto: nao e edital de fomento a OSC;busca_patrocinador;MUNICIPIO DE BELO JARDIM;PE;2024-07-09;arquivar no historico, retirar da fila de verificacao e do painel de abertos
12fed3ea;reprovado por objeto: nao e edital de fomento a OSC;servico_ao_orgao;MUNICIPIO DE BELO ORIENTE;MG;2025-12-31;arquivar no historico, retirar da fila de verificacao e do painel de abertos
14276474;reprovado por objeto: nao e edital de fomento a OSC;servico_ao_orgao;MUNICIPIO DE ITAJAI;SC;2025-12-05;arquivar no historico, retirar da fila de verificacao e do painel de abertos
14349498;reprovado por objeto: nao e edital de fomento a OSC;pagina_institucional;;;;arquivar no historico, retirar da fila de verificacao e do painel de abertos
14bd072e;reprovado por objeto: nao e edital de fomento a OSC;servico_ao_orgao;FUNDO MUNICIPAL DE SAUDE DE CONCORDIA;SC;2023-12-26;arquivar no historico, retirar da fila de verificacao e do painel de abertos
16243ab9;reprovado por objeto: nao e edital de fomento a OSC;servico_ao_orgao;PNCP — FUNDO MUNICIPAL DE SAUDE DE ALIANCA;PE;;arquivar no historico, retirar da fila de verificacao e do painel de abertos
1670991e;reprovado por objeto: nao e edital de fomento a OSC;servico_ao_orgao;FUNDO MUNICIPAL DE SAUDE DE NAVEGANTES;SC;;arquivar no historico, retirar da fila de verificacao e do painel de abertos
1682f102;reprovado por objeto: nao e edital de fomento a OSC;servico_ao_orgao;MUNICIPIO DE VAZANTE;MG;2024-06-06;arquivar no historico, retirar da fila de verificacao e do painel de abertos
18d79041;reprovado por objeto: nao e edital de fomento a OSC;uso_de_espaco_publico;PNCP — MUNICIPIO DE AGUA BOA;MT;;arquivar no historico, retirar da fila de verificacao e do painel de abertos
19bf9474;reprovado por objeto: nao e edital de fomento a OSC;servico_ao_orgao;ESTADO DO ESPIRITO SANTO;ES;2024-08-19;arquivar no historico, retirar da fila de verificacao e do painel de abertos
19c0b733;reprovado por objeto: nao e edital de fomento a OSC;servico_ao_orgao;SECRETARIA DE ESTADO DA SAUDE;ES;2025-12-31;arquivar no historico, retirar da fila de verificacao e do painel de abertos
1a298f0b;reprovado por objeto: nao e edital de fomento a OSC;conteudo_institucional;;;;arquivar no historico, retirar da fila de verificacao e do painel de abertos
1ae34a83;reprovado por objeto: nao e edital de fomento a OSC;servico_ao_orgao;PNCP — FUNDO MUNICIPAL DE SAUDE - FMS;PE;;arquivar no historico, retirar da fila de verificacao e do painel de abertos
1b065722;reprovado por objeto: nao e edital de fomento a OSC;servico_ao_orgao;CONSORCIO INTERMUNICIPAL DE SAUDE COSTA OESTE DO PARANA;PR;2034-07-03;arquivar no historico, retirar da fila de verificacao e do painel de abertos
1b7d79cf;reprovado por objeto: nao e edital de fomento a OSC;resultado_de_habilitacao;;;;arquivar no historico, retirar da fila de verificacao e do painel de abertos
1bccd659;reprovado por objeto: nao e edital de fomento a OSC;servico_ao_orgao;FUNDO MUNICIPAL DE SAUDE - FMS;SP;2026-10-23;arquivar no historico, retirar da fila de verificacao e do painel de abertos
1c3e7900;reprovado por objeto: nao e edital de fomento a OSC;servico_ao_orgao;MUNICIPIO DE BARAO DE COCAIS;MG;2024-07-08;arquivar no historico, retirar da fila de verificacao e do painel de abertos
1cae979d;reprovado por objeto: nao e edital de fomento a OSC;servico_ao_orgao;BRITANIA - FUNDO MUNICIPAL DE SAUDE;GO;2024-12-06;arquivar no historico, retirar da fila de verificacao e do painel de abertos
1dcb5c58;reprovado por objeto: nao e edital de fomento a OSC;uso_de_espaco_publico;PNCP — MUNICIPIO DE SINOP;MT;;arquivar no historico, retirar da fila de verificacao e do painel de abertos
1edc603e;reprovado por objeto: nao e edital de fomento a OSC;servico_ao_orgao;CONSORCIO INTERMUNICIPAL DE SAUDE;PR;2024-08-05;arquivar no historico, retirar da fila de verificacao e do painel de abertos
1fba62c2;reprovado por objeto: nao e edital de fomento a OSC;servico_ao_orgao;PNCP — MUNICIPIO DE CURACA;BA;;arquivar no historico, retirar da fila de verificacao e do painel de abertos
20217e16;reprovado por objeto: nao e edital de fomento a OSC;servico_ao_orgao;PNCP — MUNICIPIO DE EUSEBIO;CE;;arquivar no historico, retirar da fila de verificacao e do painel de abertos
2123fb3b;reprovado por objeto: nao e edital de fomento a OSC;resultado_de_habilitacao;SECRETARIA DA MICRO E PEQUENA EMPRESA;DF;2026-04-09;arquivar no historico, retirar da fila de verificacao e do painel de abertos
22208f60;reprovado por objeto: nao e edital de fomento a OSC;servico_ao_orgao;MUNICIPIO DE CORUPA;SC;2025-06-06;arquivar no historico, retirar da fila de verificacao e do painel de abertos
2316d549;reprovado por objeto: nao e edital de fomento a OSC;servico_ao_orgao;MUNICIPIO DE BARRA DA ESTIVA;BA;2025-01-23;arquivar no historico, retirar da fila de verificacao e do painel de abertos
238a43a2;reprovado por objeto: nao e edital de fomento a OSC;imovel_ou_mercado;MUNICIPIO DE IRECE;BA;2024-06-13;arquivar no historico, retirar da fila de verificacao e do painel de abertos
24ffae4f;reprovado por objeto: nao e edital de fomento a OSC;uso_de_espaco_publico;MUNICIPIO DE GALVAO;SC;2024-03-08;arquivar no historico, retirar da fila de verificacao e do painel de abertos
2645ce12;reprovado por objeto: nao e edital de fomento a OSC;servico_ao_orgao;MUNICIPIO DE SORRISO;MT;;arquivar no historico, retirar da fila de verificacao e do painel de abertos
26695acc;reprovado por objeto: nao e edital de fomento a OSC;compra_publica;MUNICIPIO DE ELISIO MEDRADO;BA;2026-01-10;arquivar no historico, retirar da fila de verificacao e do painel de abertos
276dfb46;reprovado por objeto: nao e edital de fomento a OSC;compra_publica;MUNICIPIO DE PATOS DE MINAS;MG;;arquivar no historico, retirar da fila de verificacao e do painel de abertos
27bdef0a;reprovado por objeto: nao e edital de fomento a OSC;servico_ao_orgao;MUNICIPIO DE LEME;SP;2024-08-27;arquivar no historico, retirar da fila de verificacao e do painel de abertos
27f55b02;reprovado por objeto: nao e edital de fomento a OSC;compra_ou_fornecimento;MUNICIPIO DE ITAJAI;SC;2024-12-27;arquivar no historico, retirar da fila de verificacao e do painel de abertos
28fb02c7;reprovado por objeto: nao e edital de fomento a OSC;contrato_de_gestao;MUNICIPIO DE MASSAPE;CE;2026-03-11;arquivar no historico, retirar da fila de verificacao e do painel de abertos
295af6bb;reprovado por objeto: nao e edital de fomento a OSC;destinado_a_pessoa_fisica;;;;arquivar no historico, retirar da fila de verificacao e do painel de abertos
2a7b0291;reprovado por objeto: nao e edital de fomento a OSC;conteudo_editorial;;;;arquivar no historico, retirar da fila de verificacao e do painel de abertos
2b9ef05b;reprovado por objeto: nao e edital de fomento a OSC;servico_ao_orgao;PNCP — CONSORCIO INTERMUNICIPAL DO VALE DO RIO CAI (CIS-CAI);RS;;arquivar no historico, retirar da fila de verificacao e do painel de abertos
2bcffd1f;reprovado por objeto: nao e edital de fomento a OSC;instituicao_financeira;MUNICIPIO DE BOM JESUS DA PENHA;MG;2025-08-22;arquivar no historico, retirar da fila de verificacao e do painel de abertos
2c5c36aa;reprovado por objeto: nao e edital de fomento a OSC;cadastro_de_fornecedor;SUP. EST. DE LICITACAO;RO;2025-07-04;arquivar no historico, retirar da fila de verificacao e do painel de abertos
2ce6f03d;reprovado por objeto: nao e edital de fomento a OSC;conteudo_editorial;;;;arquivar no historico, retirar da fila de verificacao e do painel de abertos
2dd2d9b5;reprovado por objeto: nao e edital de fomento a OSC;servico_ao_orgao;FUNDO MUNICIPAL DA SAUDE IPAMERI;GO;2026-12-31;arquivar no historico, retirar da fila de verificacao e do painel de abertos
2df7efe2;reprovado por objeto: nao e edital de fomento a OSC;conteudo_institucional;;;;arquivar no historico, retirar da fila de verificacao e do painel de abertos
2e00fc3f;reprovado por objeto: nao e edital de fomento a OSC;servico_ao_orgao;PNCP — MUNICIPIO DE JANUARIA;MG;2030-05-22;arquivar no historico, retirar da fila de verificacao e do painel de abertos
2f04014e;reprovado por objeto: nao e edital de fomento a OSC;servico_ao_orgao;SERVICO AUTONOMO MUNICIPAL DE AGUA E ESGOTO;PR;2026-07-17;arquivar no historico, retirar da fila de verificacao e do painel de abertos
2f0dc7a5;reprovado por objeto: nao e edital de fomento a OSC;parecerista_ou_juri;MUNICIPIO DE GOVERNADOR VALADARES;MG;2024-11-07;arquivar no historico, retirar da fila de verificacao e do painel de abertos
2fbffd78;reprovado por objeto: nao e edital de fomento a OSC;compra_publica;FUNDACAO SERVICOS DE SAUDE DE NOVA ANDRADINA;MS;2025-08-08;arquivar no historico, retirar da fila de verificacao e do painel de abertos
2fc02da6;reprovado por objeto: nao e edital de fomento a OSC;servico_ao_orgao;MUNICIPIO DE COUTO DE MAGALHAES DE MINAS;MG;2025-12-31;arquivar no historico, retirar da fila de verificacao e do painel de abertos
2fc48b30;reprovado por objeto: nao e edital de fomento a OSC;instituicao_financeira;MUNICIPIO DE MONTES CLAROS;MG;2029-07-02;arquivar no historico, retirar da fila de verificacao e do painel de abertos
305f369c;reprovado por objeto: nao e edital de fomento a OSC;pagina_institucional;;GO;;arquivar no historico, retirar da fila de verificacao e do painel de abertos
30b8d3d8;reprovado por objeto: nao e edital de fomento a OSC;compra_ou_fornecimento;MUNICIPIO DE ARAUCARIA;PR;2024-07-31;arquivar no historico, retirar da fila de verificacao e do painel de abertos
31b95150;reprovado por objeto: nao e edital de fomento a OSC;servico_ao_orgao;PNCP — MUNICIPIO DE MARACANA;PA;;arquivar no historico, retirar da fila de verificacao e do painel de abertos
32589696;reprovado por objeto: nao e edital de fomento a OSC;compra_publica;MUNICIPIO DE MONTE ALEGRE DOS CAMPOS;RS;2026-01-07;arquivar no historico, retirar da fila de verificacao e do painel de abertos
33932f6b;reprovado por objeto: nao e edital de fomento a OSC;servico_ao_orgao;CONSORCIO INTERMUNICIPAL DE SAUDE;PR;2024-06-04;arquivar no historico, retirar da fila de verificacao e do painel de abertos
33c47f3b;reprovado por objeto: nao e edital de fomento a OSC;empresa_ou_mercado;;GO;;arquivar no historico, retirar da fila de verificacao e do painel de abertos
344ffd42;reprovado por objeto: nao e edital de fomento a OSC;servico_ao_orgao;CONSORCIO INTERMUNICIPAL DE SAUDE COSTA OESTE DO PARANA;PR;2034-08-02;arquivar no historico, retirar da fila de verificacao e do painel de abertos
345e863b;reprovado por objeto: nao e edital de fomento a OSC;servico_ao_orgao;MUNICIPIO DE SERRITA;PE;2026-07-07;arquivar no historico, retirar da fila de verificacao e do painel de abertos
3615c060;reprovado por objeto: nao e edital de fomento a OSC;servico_ao_orgao;CONSORCIO INTERMUNICIPAL DE SAUDE COSTA OESTE DO PARANA;PR;2034-05-07;arquivar no historico, retirar da fila de verificacao e do painel de abertos
36d3f5a9;reprovado por objeto: nao e edital de fomento a OSC;busca_patrocinador;MUNICIPIO DE PARINTINS;AM;2026-12-31;arquivar no historico, retirar da fila de verificacao e do painel de abertos
385c6aed;reprovado por objeto: nao e edital de fomento a OSC;servico_ao_orgao;MUNICIPIO DE BENEDITO NOVO;SC;2024-06-17;arquivar no historico, retirar da fila de verificacao e do painel de abertos
38e808fd;reprovado por objeto: nao e edital de fomento a OSC;compra_ou_fornecimento;MUNICIPIO DE CURITIBA;PR;2033-12-20;arquivar no historico, retirar da fila de verificacao e do painel de abertos
3949793b;reprovado por objeto: nao e edital de fomento a OSC;compra_publica;MUNICIPIO DE IPE;RS;2027-09-03;arquivar no historico, retirar da fila de verificacao e do painel de abertos
3a83f0a0;reprovado por objeto: nao e edital de fomento a OSC;compra_publica;PNCP — MUNICIPIO DE PATROCINIO DO MURIAE;MG;;arquivar no historico, retirar da fila de verificacao e do painel de abertos
3b39febf;reprovado por objeto: nao e edital de fomento a OSC;servico_ao_orgao;PNCP — MUNICIPIO DE JIJOCA DE JERICOACOARA/CAMARA MUNICIPAL;CE;;arquivar no historico, retirar da fila de verificacao e do painel de abertos
3b61d47f;reprovado por objeto: nao e edital de fomento a OSC;contrapartida_sem_repasse;CONSELHO REG DE FISIOTERAPIA E TERAPIA OCUPACIONAL 5 RE;RS;2024-10-31;arquivar no historico, retirar da fila de verificacao e do painel de abertos
3bc2cbb8;reprovado por objeto: nao e edital de fomento a OSC;compra_publica;PNCP — MUNICIPIO DE SANTA CRUZ DO RIO PARDO;SP;;arquivar no historico, retirar da fila de verificacao e do painel de abertos
3c217280;reprovado por objeto: nao e edital de fomento a OSC;servico_ao_orgao;MUNICIPIO DE JARAGUA DO SUL;SC;2025-11-05;arquivar no historico, retirar da fila de verificacao e do painel de abertos
3d0e5aac;reprovado por objeto: nao e edital de fomento a OSC;compra_publica;PNCP — SUBSECRETARIA DA ADMINISTRACAO CENTRAL DE LICITACOES;RS;;arquivar no historico, retirar da fila de verificacao e do painel de abertos
3d35a63b;reprovado por objeto: nao e edital de fomento a OSC;compra_ou_fornecimento;MUNICIPIO DE APUCARANA;PR;2024-09-16;arquivar no historico, retirar da fila de verificacao e do painel de abertos
3d3a5eb6;reprovado por objeto: nao e edital de fomento a OSC;parceria_ja_celebrada;MUNICIPIO DE SUMARE;SP;2026-07-24;arquivar no historico, retirar da fila de verificacao e do painel de abertos
3e0d5353;reprovado por objeto: nao e edital de fomento a OSC;imovel_ou_mercado;MUNICIPIO DE CLEVELANDIA;PR;2024-06-14;arquivar no historico, retirar da fila de verificacao e do painel de abertos
3f099e8b;reprovado por objeto: nao e edital de fomento a OSC;compra_publica;MUNICIPIO DE GUARUJA DO SUL;SC;2027-03-23;arquivar no historico, retirar da fila de verificacao e do painel de abertos
404d83ac;reprovado por objeto: nao e edital de fomento a OSC;servico_ao_orgao;CONSORCIO INTERMUNICIPAL DE SAUDE;PR;2024-08-05;arquivar no historico, retirar da fila de verificacao e do painel de abertos
41497c91;reprovado por objeto: nao e edital de fomento a OSC;compra_ou_fornecimento;MUNICIPIO DE ITATIAIUCU;MG;2024-11-04;arquivar no historico, retirar da fila de verificacao e do painel de abertos
43993cd3;reprovado por objeto: nao e edital de fomento a OSC;servico_ao_orgao;CONSORCIO PUBLICO INTERMUNICIPAL DE SAUDE DA AMESC;SC;2026-05-05;arquivar no historico, retirar da fila de verificacao e do painel de abertos
439e4500;reprovado por objeto: nao e edital de fomento a OSC;servico_ao_orgao;PNCP — MUNICIPIO DE TUBARAO;SC;;arquivar no historico, retirar da fila de verificacao e do painel de abertos
44d504a9;reprovado por objeto: nao e edital de fomento a OSC;servico_ao_orgao;PNCP — MUNICIPIO DE SANTA FE DO SUL;SP;;arquivar no historico, retirar da fila de verificacao e do painel de abertos
45c5e75b;reprovado por objeto: nao e edital de fomento a OSC;servico_ao_orgao;PNCP — MUNICIPIO DE PEDRA;PE;;arquivar no historico, retirar da fila de verificacao e do painel de abertos
4601f8d1;reprovado por objeto: nao e edital de fomento a OSC;servico_ao_orgao;PNCP — MUNICIPIO DE MANSIDAO;BA;;arquivar no historico, retirar da fila de verificacao e do painel de abertos
4ae5f2ea;reprovado por objeto: nao e edital de fomento a OSC;servico_ao_orgao;FUNDO MUNICIPAL DE SAUDE;GO;2024-11-28;arquivar no historico, retirar da fila de verificacao e do painel de abertos
4b1a1993;reprovado por objeto: nao e edital de fomento a OSC;servico_ao_orgao;PNCP — MUNICIPIO DE APUIARES;CE;;arquivar no historico, retirar da fila de verificacao e do painel de abertos
4d6270f4;reprovado por objeto: nao e edital de fomento a OSC;compra_publica;MUNICIPIO DE TAUBATE;SP;2025-11-07;arquivar no historico, retirar da fila de verificacao e do painel de abertos
4d779fb1;reprovado por objeto: nao e edital de fomento a OSC;servico_ao_orgao;IPASLUZ SAUDE;GO;2025-01-08;arquivar no historico, retirar da fila de verificacao e do painel de abertos
4d7bc2ce;reprovado por objeto: nao e edital de fomento a OSC;compra_publica;PNCP — INSTITUTO DE PREVIDENCIA DOS SERVIDORES DO ESTADO MG;MG;;arquivar no historico, retirar da fila de verificacao e do painel de abertos
4f72eb32;reprovado por objeto: nao e edital de fomento a OSC;resultado_de_habilitacao;FUNDO MUNICIPAL DE SAUDE DE RIO NEGRINHO;SC;2031-08-14;arquivar no historico, retirar da fila de verificacao e do painel de abertos
5049dbf5;reprovado por objeto: nao e edital de fomento a OSC;servico_ao_orgao;MUNICIPIO DE FORTIM;CE;;arquivar no historico, retirar da fila de verificacao e do painel de abertos
50958c5b;reprovado por objeto: nao e edital de fomento a OSC;servico_ao_orgao;PNCP — MUNICIPIO DE LUZERNA;SC;;arquivar no historico, retirar da fila de verificacao e do painel de abertos
51a69b95;reprovado por objeto: nao e edital de fomento a OSC;servico_ao_orgao;PNCP — MUNICIPIO DE LIMOEIRO DO NORTE;CE;;arquivar no historico, retirar da fila de verificacao e do painel de abertos
533a432a;reprovado por objeto: nao e edital de fomento a OSC;servico_ao_orgao;MUNICIPIO DE SANTA LUZIA;PB;2025-06-18;arquivar no historico, retirar da fila de verificacao e do painel de abertos
533e7927;reprovado por objeto: nao e edital de fomento a OSC;servico_ao_orgao;MUNICIPIO DE CAMPO DO TENENTE;PR;;arquivar no historico, retirar da fila de verificacao e do painel de abertos
5393820e;reprovado por objeto: nao e edital de fomento a OSC;servico_ao_orgao;MUNICIPIO DE MORRO DO CHAPEU;BA;2025-03-07;arquivar no historico, retirar da fila de verificacao e do painel de abertos
553caf29;reprovado por objeto: nao e edital de fomento a OSC;servico_ao_orgao;ESTADO DO ESPIRITO SANTO;ES;2024-08-19;arquivar no historico, retirar da fila de verificacao e do painel de abertos
56bb1d32;reprovado por objeto: nao e edital de fomento a OSC;servico_ao_orgao;CONSORCIO INTERMUNICIPAL DE SAUDE COSTA OESTE DO PARANA;PR;2034-05-07;arquivar no historico, retirar da fila de verificacao e do painel de abertos
56c039f5;reprovado por objeto: nao e edital de fomento a OSC;compra_publica;MUNICIPIO DE LAGES;SC;2024-12-31;arquivar no historico, retirar da fila de verificacao e do painel de abertos
5881fdb0;reprovado por objeto: nao e edital de fomento a OSC;servico_ao_orgao;MUNICIPIO DE ENTRE RIOS;BA;2027-03-20;arquivar no historico, retirar da fila de verificacao e do painel de abertos
58eda1f2;reprovado por objeto: nao e edital de fomento a OSC;parecerista_ou_juri;MUNICIPIO DE SAO CARLOS;SP;2026-09-01;arquivar no historico, retirar da fila de verificacao e do painel de abertos
5a164e84;reprovado por objeto: nao e edital de fomento a OSC;objeto_insuficiente;MUNICIPIO DE MAUA;SP;2024-04-12;arquivar no historico, retirar da fila de verificacao e do painel de abertos
5ab36aa0;reprovado por objeto: nao e edital de fomento a OSC;instituicao_financeira;MUNICIPIO DE MARECHAL CANDIDO RONDON;PR;2024-05-03;arquivar no historico, retirar da fila de verificacao e do painel de abertos
5b0575f3;reprovado por objeto: nao e edital de fomento a OSC;conteudo_institucional;;;;arquivar no historico, retirar da fila de verificacao e do painel de abertos
5b1de9e0;reprovado por objeto: nao e edital de fomento a OSC;compra_publica;MUNICIPIO DE NOVA RUSSAS;CE;2024-06-06;arquivar no historico, retirar da fila de verificacao e do painel de abertos
5bab6e9d;reprovado por objeto: nao e edital de fomento a OSC;compra_ou_fornecimento;MUNICIPIO DE UBERABA;MG;2025-06-24;arquivar no historico, retirar da fila de verificacao e do painel de abertos
5cac35cd;reprovado por objeto: nao e edital de fomento a OSC;compra_ou_fornecimento;MUNICIPIO DE COLOMBO;PR;2024-08-05;arquivar no historico, retirar da fila de verificacao e do painel de abertos
5ce35d65;reprovado por objeto: nao e edital de fomento a OSC;servico_ao_orgao;CONSORCIO INTERMUNICIPAL DE SAUDE;PR;2024-06-03;arquivar no historico, retirar da fila de verificacao e do painel de abertos
5dc92b16;reprovado por objeto: nao e edital de fomento a OSC;uso_de_espaco_publico;ESTADO DO RIO DE JANEIRO;RJ;2024-07-15;arquivar no historico, retirar da fila de verificacao e do painel de abertos
5ddeca53;reprovado por objeto: nao e edital de fomento a OSC;cache_artistico;FUNDACAO MUNICIPAL DE ESPORTE E CULTURA;SC;2025-08-19;arquivar no historico, retirar da fila de verificacao e do painel de abertos
5ef2daa4;reprovado por objeto: nao e edital de fomento a OSC;compra_publica;PNCP — MUNICIPIO DE JANUARIA;MG;;arquivar no historico, retirar da fila de verificacao e do painel de abertos
5f4e0a0a;reprovado por objeto: nao e edital de fomento a OSC;servico_ao_orgao;PNCP — MUNICIPIO DE SAO LUIS;MA;;arquivar no historico, retirar da fila de verificacao e do painel de abertos
60e90999;reprovado por objeto: nao e edital de fomento a OSC;servico_ao_orgao;FUNDACAO MUNICIPAL DE ASSISTENCIA A SAUDE FUMASA;MG;2025-01-06;arquivar no historico, retirar da fila de verificacao e do painel de abertos
616661ae;reprovado por objeto: nao e edital de fomento a OSC;pagina_indice_de_terceiros;;;;arquivar no historico, retirar da fila de verificacao e do painel de abertos
61b3a017;reprovado por objeto: nao e edital de fomento a OSC;cache_artistico;MUNICIPIO DE RIBEIRAO DAS NEVES;MG;2024-07-14;arquivar no historico, retirar da fila de verificacao e do painel de abertos
636ed46a;reprovado por objeto: nao e edital de fomento a OSC;compra_publica;MUNICIPIO DE LAGES;SC;2024-12-31;arquivar no historico, retirar da fila de verificacao e do painel de abertos
642ffa37;reprovado por objeto: nao e edital de fomento a OSC;servico_ao_orgao;CONSORCIO INTERMUNICIPAL DE SAUDE;PR;2024-08-01;arquivar no historico, retirar da fila de verificacao e do painel de abertos
64713239;reprovado por objeto: nao e edital de fomento a OSC;imovel_ou_mercado;TRIBUNAL SUPERIOR DO TRABALHO;SP;2026-10-19;arquivar no historico, retirar da fila de verificacao e do painel de abertos
650fa22b;reprovado por objeto: nao e edital de fomento a OSC;servico_ao_orgao;CONSORCIO INTERMUNICIPAL DE SAUDE;PR;2024-07-01;arquivar no historico, retirar da fila de verificacao e do painel de abertos
65a4aa3a;reprovado por objeto: nao e edital de fomento a OSC;qualificacao_os;FUNDO MUNICIPAL DE SAUDE DE PINHEIRAL;RJ;2026-03-06;arquivar no historico, retirar da fila de verificacao e do painel de abertos
6675d834;reprovado por objeto: nao e edital de fomento a OSC;busca_patrocinador;MUNICIPIO DE PARINTINS;AM;2025-10-13;arquivar no historico, retirar da fila de verificacao e do painel de abertos
669498ac;reprovado por objeto: nao e edital de fomento a OSC;compra_publica;PNCP — MUNICIPIO DE PLACAS;PA;;arquivar no historico, retirar da fila de verificacao e do painel de abertos
66a5eb4b;reprovado por objeto: nao e edital de fomento a OSC;resultado_de_habilitacao;FUNDO MUNICIPAL DE SAUDE DE RIO NEGRINHO;SC;2031-08-14;arquivar no historico, retirar da fila de verificacao e do painel de abertos
66dc73f5;reprovado por objeto: nao e edital de fomento a OSC;destinado_a_entes_publicos;MUNICIPIO DE JOINVILLE;SC;2099-11-09;arquivar no historico, retirar da fila de verificacao e do painel de abertos
67641e53;reprovado por objeto: nao e edital de fomento a OSC;imovel_ou_mercado;MUNICIPIO DE IRECE;BA;2025-01-22;arquivar no historico, retirar da fila de verificacao e do painel de abertos
68111c6e;reprovado por objeto: nao e edital de fomento a OSC;resultado_de_edital;CONSORCIO PUBLICO INTERMUNICIPAL DE SAUDE DA AMESC;SC;2026-07-02;arquivar no historico, retirar da fila de verificacao e do painel de abertos
685f3ad8;reprovado por objeto: nao e edital de fomento a OSC;servico_ao_orgao;CONSORCIO INTERMUNICIPAL DE SAUDE;PR;2024-07-04;arquivar no historico, retirar da fila de verificacao e do painel de abertos
6a0a02d9;reprovado por objeto: nao e edital de fomento a OSC;resultado_de_habilitacao;;GO;;arquivar no historico, retirar da fila de verificacao e do painel de abertos
6ace1b0d;reprovado por objeto: nao e edital de fomento a OSC;conteudo_institucional;;;;arquivar no historico, retirar da fila de verificacao e do painel de abertos
6d0e6467;reprovado por objeto: nao e edital de fomento a OSC;servico_ao_orgao;MUNICIPIO DE PIRANGUINHO;MG;2025-06-18;arquivar no historico, retirar da fila de verificacao e do painel de abertos
6d2fcfd7;reprovado por objeto: nao e edital de fomento a OSC;servico_ao_orgao;MUNICIPIO DE NAZARE;BA;2025-09-08;arquivar no historico, retirar da fila de verificacao e do painel de abertos
6db35979;reprovado por objeto: nao e edital de fomento a OSC;servico_ao_orgao;PNCP — FUNDO MUNICIPAL DE SAUDE;GO;;arquivar no historico, retirar da fila de verificacao e do painel de abertos
6dd2c304;reprovado por objeto: nao e edital de fomento a OSC;busca_patrocinador;MUNICIPIO DE ITAPIRANGA;SC;2024-06-28;arquivar no historico, retirar da fila de verificacao e do painel de abertos
6dfc7e0b;reprovado por objeto: nao e edital de fomento a OSC;servico_ao_orgao;CONSORCIO INTERMUNICIPAL DE SAUDE;PR;2024-05-03;arquivar no historico, retirar da fila de verificacao e do painel de abertos
6f125f2f;reprovado por objeto: nao e edital de fomento a OSC;conteudo_institucional;;;;arquivar no historico, retirar da fila de verificacao e do painel de abertos
6f4da659;reprovado por objeto: nao e edital de fomento a OSC;resultado_de_edital;CONSORCIO PUBLICO INTERMUNICIPAL DE SAUDE DA AMESC;SC;2026-07-31;arquivar no historico, retirar da fila de verificacao e do painel de abertos
6fab0a95;reprovado por objeto: nao e edital de fomento a OSC;cache_artistico;MUNICIPIO DE ERECHIM;RS;2025-01-15;arquivar no historico, retirar da fila de verificacao e do painel de abertos
707269f0;reprovado por objeto: nao e edital de fomento a OSC;conteudo_editorial;;GO;;arquivar no historico, retirar da fila de verificacao e do painel de abertos
7091888d;reprovado por objeto: nao e edital de fomento a OSC;servico_ao_orgao;CONSORCIO INTERMUNICIPAL DE SAUDE;PR;2026-09-01;arquivar no historico, retirar da fila de verificacao e do painel de abertos
70aaa827;reprovado por objeto: nao e edital de fomento a OSC;servico_ao_orgao;MUNICIPIO DE TEREZINHA;PE;2025-06-09;arquivar no historico, retirar da fila de verificacao e do painel de abertos
70c3b79b;reprovado por objeto: nao e edital de fomento a OSC;compra_publica;MUNICIPIO DE NOVA XAVANTINA;MT;2025-01-28;arquivar no historico, retirar da fila de verificacao e do painel de abertos
72319aa1;reprovado por objeto: nao e edital de fomento a OSC;pagina_institucional;;;;arquivar no historico, retirar da fila de verificacao e do painel de abertos
7358e935;reprovado por objeto: nao e edital de fomento a OSC;compra_ou_fornecimento;PNCP — CONSORCIO PUBLICO INTERMUNICIPAL DE SAUDE DO NORTE E NOROESTE F;RJ;;arquivar no historico, retirar da fila de verificacao e do painel de abertos
74019774;reprovado por objeto: nao e edital de fomento a OSC;instituicao_financeira;PNCP — MUNICIPIO DE NAZARE PAULISTA;SP;;arquivar no historico, retirar da fila de verificacao e do painel de abertos
74cd66a8;reprovado por objeto: nao e edital de fomento a OSC;imovel_ou_mercado;MUNICIPIO DE CAUCAIA;CE;2024-07-05;arquivar no historico, retirar da fila de verificacao e do painel de abertos
76542e9d;reprovado por objeto: nao e edital de fomento a OSC;servico_ao_orgao;MUNICIPIO DE AURORA;SC;2024-03-08;arquivar no historico, retirar da fila de verificacao e do painel de abertos
76674eb5;reprovado por objeto: nao e edital de fomento a OSC;instituicao_financeira;MUNICIPIO DE IPATINGA;MG;2024-07-02;arquivar no historico, retirar da fila de verificacao e do painel de abertos
76bd086d;reprovado por objeto: nao e edital de fomento a OSC;servico_ao_orgao;PNCP — MUNICIPIO DE PARAISOPOLIS;MG;;arquivar no historico, retirar da fila de verificacao e do painel de abertos
77283b80;reprovado por objeto: nao e edital de fomento a OSC;servico_ao_orgao;CONSORCIO INTERMUNICIPAL DE SAUDE;PR;2024-06-04;arquivar no historico, retirar da fila de verificacao e do painel de abertos
7a194405;reprovado por objeto: nao e edital de fomento a OSC;servico_ao_orgao;MUNICIPIO DE UBIRATA;PR;2024-12-31;arquivar no historico, retirar da fila de verificacao e do painel de abertos
7ac70128;reprovado por objeto: nao e edital de fomento a OSC;servico_ao_orgao;MUNICIPIO DE MUITOS CAPOES;RS;2024-07-15;arquivar no historico, retirar da fila de verificacao e do painel de abertos
7b1f7982;reprovado por objeto: nao e edital de fomento a OSC;compra_publica;PNCP — MUNICIPIO DE BOM CONSELHO;PE;;arquivar no historico, retirar da fila de verificacao e do painel de abertos
7ba1cfdf;reprovado por objeto: nao e edital de fomento a OSC;servico_ao_orgao;CONSORCIO INTERMUNICIPAL DE SAUDE;PR;2024-07-01;arquivar no historico, retirar da fila de verificacao e do painel de abertos
7c09ee58;reprovado por objeto: nao e edital de fomento a OSC;imovel_ou_mercado;MUNICIPIO DE PANCAS;ES;2024-12-31;arquivar no historico, retirar da fila de verificacao e do painel de abertos
7d423b1b;reprovado por objeto: nao e edital de fomento a OSC;compra_publica;CONSORCIO INTERMUNICIPAL DE SAUDE E DE POLITICAS DE DESENVOLVIMENTO DA;MG;2024-12-31;arquivar no historico, retirar da fila de verificacao e do painel de abertos
7dfa08f6;reprovado por objeto: nao e edital de fomento a OSC;conteudo_institucional;;;;arquivar no historico, retirar da fila de verificacao e do painel de abertos
7eb35698;reprovado por objeto: nao e edital de fomento a OSC;servico_ao_orgao;ESTADO DO ESPIRITO SANTO;ES;2024-10-18;arquivar no historico, retirar da fila de verificacao e do painel de abertos
7f3bf0e4;reprovado por objeto: nao e edital de fomento a OSC;instituicao_financeira;PNCP — MUNICIPIO DE SERRANO DO MARANHAO;MA;;arquivar no historico, retirar da fila de verificacao e do painel de abertos
7f6c20ad;reprovado por objeto: nao e edital de fomento a OSC;compra_publica;MUNICIPIO DE PATOS DE MINAS;MG;;arquivar no historico, retirar da fila de verificacao e do painel de abertos
7f892654;reprovado por objeto: nao e edital de fomento a OSC;servico_ao_orgao;PNCP — MUNICIPIO DE OLIVEIRA DOS BREJINHOS;BA;;arquivar no historico, retirar da fila de verificacao e do painel de abertos
80095c34;reprovado por objeto: nao e edital de fomento a OSC;conteudo_institucional;;;;arquivar no historico, retirar da fila de verificacao e do painel de abertos
80bbeb68;reprovado por objeto: nao e edital de fomento a OSC;servico_ao_orgao;CONSORCIO INTERMUNICIPAL DE SAUDE;PR;2025-01-08;arquivar no historico, retirar da fila de verificacao e do painel de abertos
81aedf6f;reprovado por objeto: nao e edital de fomento a OSC;compra_publica;PNCP — MUNICIPIO DE MOZARLANDIA;GO;;arquivar no historico, retirar da fila de verificacao e do painel de abertos
835e0177;reprovado por objeto: nao e edital de fomento a OSC;compra_publica;MUNICIPIO DE AGUAS BELAS;PE;2024-06-06;arquivar no historico, retirar da fila de verificacao e do painel de abertos
838f5d8b;reprovado por objeto: nao e edital de fomento a OSC;servico_ao_orgao;MUNICIPIO DE AGUAS BELAS;PE;2027-12-06;arquivar no historico, retirar da fila de verificacao e do painel de abertos
841e718b;reprovado por objeto: nao e edital de fomento a OSC;servico_ao_orgao;PNCP — FUNDO MUNICIPAL DE SAUDE;RJ;;arquivar no historico, retirar da fila de verificacao e do painel de abertos
84212a1a;reprovado por objeto: nao e edital de fomento a OSC;busca_patrocinador;MUNICIPIO DE IRECE;BA;2024-06-28;arquivar no historico, retirar da fila de verificacao e do painel de abertos
84c3375e;reprovado por objeto: nao e edital de fomento a OSC;servico_ao_orgao;CONSORCIO INTERMUNICIPAL DE SAUDE;PR;2024-05-02;arquivar no historico, retirar da fila de verificacao e do painel de abertos
8668c999;reprovado por objeto: nao e edital de fomento a OSC;servico_ao_orgao;FUNDO MUNICIPAL DE SAUDE DE LUIS ALVES;SC;2023-06-02;arquivar no historico, retirar da fila de verificacao e do painel de abertos
88df90e8;reprovado por objeto: nao e edital de fomento a OSC;mecanismo_permanente;;;;arquivar no historico, retirar da fila de verificacao e do painel de abertos
88f6172f;reprovado por objeto: nao e edital de fomento a OSC;compra_publica;MUNICIPIO DE PAIAL;SC;2024-12-31;arquivar no historico, retirar da fila de verificacao e do painel de abertos
89f68b87;reprovado por objeto: nao e edital de fomento a OSC;compra_publica;FUNDO MUNICIPAL DE SAUDE DE CABECEIRAS;GO;2024-12-31;arquivar no historico, retirar da fila de verificacao e do painel de abertos
8a95509d;reprovado por objeto: nao e edital de fomento a OSC;conteudo_editorial;;;;arquivar no historico, retirar da fila de verificacao e do painel de abertos
8bb062fd;reprovado por objeto: nao e edital de fomento a OSC;servico_ao_orgao;FUNDO MUNICIPAL DE SAUDE DE TRES BARRAS;SC;2025-12-31;arquivar no historico, retirar da fila de verificacao e do painel de abertos
8c033878;reprovado por objeto: nao e edital de fomento a OSC;parecerista_ou_juri;MUNICIPIO DE PARINTINS;AM;2024-11-15;arquivar no historico, retirar da fila de verificacao e do painel de abertos
8c47afe1;reprovado por objeto: nao e edital de fomento a OSC;servico_ao_orgao;CONSORCIO INTERMUNICIPAL DE SAUDE;PR;2024-05-02;arquivar no historico, retirar da fila de verificacao e do painel de abertos
8cd40b7f;reprovado por objeto: nao e edital de fomento a OSC;compra_ou_fornecimento;PNCP — SECRETARIA MUNICIPAL DE EDUCACAO, ESPORTE E LAZER;PE;;arquivar no historico, retirar da fila de verificacao e do painel de abertos
8f07b807;reprovado por objeto: nao e edital de fomento a OSC;servico_ao_orgao;PNCP — MUNICIPIO DE SANTA RITA;PB;;arquivar no historico, retirar da fila de verificacao e do painel de abertos
9014dddb;reprovado por objeto: nao e edital de fomento a OSC;instituicao_financeira;MUNICIPIO DE MARECHAL CANDIDO RONDON;PR;2024-07-04;arquivar no historico, retirar da fila de verificacao e do painel de abertos
901bbebe;reprovado por objeto: nao e edital de fomento a OSC;compra_publica;MUNICIPIO DE MONTE SANTO;BA;2026-12-31;arquivar no historico, retirar da fila de verificacao e do painel de abertos
90664604;reprovado por objeto: nao e edital de fomento a OSC;cache_artistico;MUNICIPIO DE DONA INES;PB;2024-07-16;arquivar no historico, retirar da fila de verificacao e do painel de abertos
919c01f2;reprovado por objeto: nao e edital de fomento a OSC;resultado_de_habilitacao;CONSORCIO INTERMUNICIPAL DE SAUDE DO NORDESTE DE SANTA CATARINA;SC;2026-04-09;arquivar no historico, retirar da fila de verificacao e do painel de abertos
927812b3;reprovado por objeto: nao e edital de fomento a OSC;servico_ao_orgao;MUNICIPIO DE LAJEDINHO;BA;2025-04-08;arquivar no historico, retirar da fila de verificacao e do painel de abertos
92887db7;reprovado por objeto: nao e edital de fomento a OSC;servico_ao_orgao;MUNICIPIO DE AURORA;SC;2024-05-27;arquivar no historico, retirar da fila de verificacao e do painel de abertos
93433ccd;reprovado por objeto: nao e edital de fomento a OSC;resultado_de_edital;CONSORCIO PUBLICO INTERMUNICIPAL DE SAUDE DA AMESC;SC;2026-06-01;arquivar no historico, retirar da fila de verificacao e do painel de abertos
939b1cd7;reprovado por objeto: nao e edital de fomento a OSC;imovel_ou_mercado;DEPARTAMENTO ESTADUAL DE TRANSITO;SP;2024-08-05;arquivar no historico, retirar da fila de verificacao e do painel de abertos
93aa2d9d;reprovado por objeto: nao e edital de fomento a OSC;servico_ao_orgao;FUNDO MUNICIPAL DE SAUDE;GO;2024-03-13;arquivar no historico, retirar da fila de verificacao e do painel de abertos
954ae227;reprovado por objeto: nao e edital de fomento a OSC;compra_publica;FUNDO MUNICIPAL DA SAUDE DE SAO JOAO DO OESTE;SC;2025-01-01;arquivar no historico, retirar da fila de verificacao e do painel de abertos
96691cdc;reprovado por objeto: nao e edital de fomento a OSC;compra_publica;MUNICIPIO DE SANTA CRUZ;RN;2025-07-02;arquivar no historico, retirar da fila de verificacao e do painel de abertos
989fb309;reprovado por objeto: nao e edital de fomento a OSC;compra_ou_fornecimento;PNCP — MUNICIPIO DE GUIMARAES;MA;;arquivar no historico, retirar da fila de verificacao e do painel de abertos
99e02c48;reprovado por objeto: nao e edital de fomento a OSC;contrato_de_gestao;;GO;;arquivar no historico, retirar da fila de verificacao e do painel de abertos
9a2cb815;reprovado por objeto: nao e edital de fomento a OSC;uso_de_espaco_publico;PNCP — MUNICIPIO DE SINOP;MT;;arquivar no historico, retirar da fila de verificacao e do painel de abertos
9a783029;reprovado por objeto: nao e edital de fomento a OSC;servico_ao_orgao;MUNICIPIO DE BARAO DE COCAIS;MG;2024-08-08;arquivar no historico, retirar da fila de verificacao e do painel de abertos
9a81ae0b;reprovado por objeto: nao e edital de fomento a OSC;servico_ao_orgao;MUNICIPIO DE ARVOREDO;SC;2025-05-02;arquivar no historico, retirar da fila de verificacao e do painel de abertos
9b82fe0b;reprovado por objeto: nao e edital de fomento a OSC;servico_ao_orgao;ESTADO DE RONDONIA;RO;2024-05-24;arquivar no historico, retirar da fila de verificacao e do painel de abertos
9c20c080;reprovado por objeto: nao e edital de fomento a OSC;cache_artistico;MUNICIPIO DE MATINHOS;PR;2024-06-06;arquivar no historico, retirar da fila de verificacao e do painel de abertos
9dacad3b;reprovado por objeto: nao e edital de fomento a OSC;compra_publica;FUNDO MUNICIPAL DE SAUDE;GO;2024-07-04;arquivar no historico, retirar da fila de verificacao e do painel de abertos
9eef3c76;reprovado por objeto: nao e edital de fomento a OSC;compra_ou_fornecimento;FUNDO MUNICIPAL DE SAUDE DE SAO PATRICIO;GO;2024-05-21;arquivar no historico, retirar da fila de verificacao e do painel de abertos
9ef08da8;reprovado por objeto: nao e edital de fomento a OSC;convenio_de_desconto;DEPARTAMENTO ESTADUAL DE TRANSITO;SP;2026-06-01;arquivar no historico, retirar da fila de verificacao e do painel de abertos
9f7cf0d6;reprovado por objeto: nao e edital de fomento a OSC;servico_ao_orgao;MUNICIPIO DE PANAMBI;RS;2034-12-29;arquivar no historico, retirar da fila de verificacao e do painel de abertos
a043a375;reprovado por objeto: nao e edital de fomento a OSC;conteudo_editorial;;;;arquivar no historico, retirar da fila de verificacao e do painel de abertos
a092ae2c;reprovado por objeto: nao e edital de fomento a OSC;compra_publica;;BA;;arquivar no historico, retirar da fila de verificacao e do painel de abertos
a0a95e14;reprovado por objeto: nao e edital de fomento a OSC;compra_publica;MUNICIPIO DE DIAMANTINA;MG;2026-12-31;arquivar no historico, retirar da fila de verificacao e do painel de abertos
a10a3a56;reprovado por objeto: nao e edital de fomento a OSC;compra_ou_fornecimento;CONSORCIO INTERMUNICIPAL DE SAUDE;PR;2024-02-23;arquivar no historico, retirar da fila de verificacao e do painel de abertos
a26f47ec;reprovado por objeto: nao e edital de fomento a OSC;servico_ao_orgao;ESTADO DO RIO DE JANEIRO;RJ;2024-10-09;arquivar no historico, retirar da fila de verificacao e do painel de abertos
a2a9cfed;reprovado por objeto: nao e edital de fomento a OSC;servico_ao_orgao;MUNICIPIO DE TREMEMBE;SP;2025-09-11;arquivar no historico, retirar da fila de verificacao e do painel de abertos
a3d62ebe;reprovado por objeto: nao e edital de fomento a OSC;servico_ao_orgao;MUNICIPIO DE SABAUDIA;PR;2025-07-07;arquivar no historico, retirar da fila de verificacao e do painel de abertos
a5156527;reprovado por objeto: nao e edital de fomento a OSC;servico_ao_orgao;FUNDO MUNICIPAL DE SAUDE DE PALMITOS;SC;2024-05-10;arquivar no historico, retirar da fila de verificacao e do painel de abertos
a5e0b0ee;reprovado por objeto: nao e edital de fomento a OSC;uso_de_espaco_publico;;SC;2023-06-14;arquivar no historico, retirar da fila de verificacao e do painel de abertos
a60a0a40;reprovado por objeto: nao e edital de fomento a OSC;compra_publica;CAMARA MUNICIPAL DE SAO DOMINGOS DO NORTE;ES;2024-06-17;arquivar no historico, retirar da fila de verificacao e do painel de abertos
a637972c;reprovado por objeto: nao e edital de fomento a OSC;servico_ao_orgao;CONSORCIO INTERMUNICIPAL DE SAUDE;PR;2024-08-05;arquivar no historico, retirar da fila de verificacao e do painel de abertos
a6f7df99;reprovado por objeto: nao e edital de fomento a OSC;compra_publica;FUNDO MUNICIPAL DE SAUDE DE CAMPOS NOVOS;SC;2024-05-03;arquivar no historico, retirar da fila de verificacao e do painel de abertos
a7d3c691;reprovado por objeto: nao e edital de fomento a OSC;cache_artistico;MUNICIPIO DE DOIS IRMAOS;RS;2024-12-31;arquivar no historico, retirar da fila de verificacao e do painel de abertos
a7f13090;reprovado por objeto: nao e edital de fomento a OSC;instituicao_financeira;MUNICIPIO DE CAMPOS NOVOS;SC;2024-07-03;arquivar no historico, retirar da fila de verificacao e do painel de abertos
a806c0a5;reprovado por objeto: nao e edital de fomento a OSC;servico_ao_orgao;SECRETARIA DA SAUDE;TO;2027-03-19;arquivar no historico, retirar da fila de verificacao e do painel de abertos
a8eaed85;reprovado por objeto: nao e edital de fomento a OSC;compra_ou_fornecimento;MUNICIPIO DE ENEAS MARQUES;PR;2025-08-06;arquivar no historico, retirar da fila de verificacao e do painel de abertos
a8f0d88d;reprovado por objeto: nao e edital de fomento a OSC;servico_ao_orgao;FUNDO MUNICIPAL DE SAUDE - DIORAMA;GO;2024-12-31;arquivar no historico, retirar da fila de verificacao e do painel de abertos
a8face1b;reprovado por objeto: nao e edital de fomento a OSC;servico_ao_orgao;PNCP — MUNICIPIO DE PARAISOPOLIS;MG;;arquivar no historico, retirar da fila de verificacao e do painel de abertos
a95589be;reprovado por objeto: nao e edital de fomento a OSC;compra_publica;MUNICIPIO DE RIO DOS CEDROS;SC;2025-06-03;arquivar no historico, retirar da fila de verificacao e do painel de abertos
a9858a26;reprovado por objeto: nao e edital de fomento a OSC;instituicao_financeira;PNCP — MUNICIPIO DE SERIO;RS;;arquivar no historico, retirar da fila de verificacao e do painel de abertos
aa3a2a8c;reprovado por objeto: nao e edital de fomento a OSC;servico_ao_orgao;CONSORCIO INTERMUNICIPAL DE SAUDE;PR;2025-01-09;arquivar no historico, retirar da fila de verificacao e do painel de abertos
aa4de17a;reprovado por objeto: nao e edital de fomento a OSC;servico_ao_orgao;MUNICIPIO DE PATROCINIO;MG;2027-09-10;arquivar no historico, retirar da fila de verificacao e do painel de abertos
aa597220;reprovado por objeto: nao e edital de fomento a OSC;servico_ao_orgao;ESTADO DO RIO DE JANEIRO;RJ;2024-10-01;arquivar no historico, retirar da fila de verificacao e do painel de abertos
aa9a6217;reprovado por objeto: nao e edital de fomento a OSC;servico_ao_orgao;PNCP — MUNICIPIO DE MANSIDAO;BA;;arquivar no historico, retirar da fila de verificacao e do painel de abertos
ab5110f1;reprovado por objeto: nao e edital de fomento a OSC;servico_ao_orgao;CONSORCIO INTERMUNICIPAL DE SAUDE COSTA OESTE DO PARANA;PR;2034-06-08;arquivar no historico, retirar da fila de verificacao e do painel de abertos
ace2eed8;reprovado por objeto: nao e edital de fomento a OSC;parceria_ja_celebrada;;GO;;arquivar no historico, retirar da fila de verificacao e do painel de abertos
ad294f59;reprovado por objeto: nao e edital de fomento a OSC;parecerista_ou_juri;MUNICIPIO DE IRECE;BA;2025-01-17;arquivar no historico, retirar da fila de verificacao e do painel de abertos
ade1d051;reprovado por objeto: nao e edital de fomento a OSC;servico_ao_orgao;MUNICIPIO DE ITAJAI;SC;2025-10-03;arquivar no historico, retirar da fila de verificacao e do painel de abertos
ae221851;reprovado por objeto: nao e edital de fomento a OSC;cache_artistico;MUNICIPIO DE SANTALUZ;BA;;arquivar no historico, retirar da fila de verificacao e do painel de abertos
af36808b;reprovado por objeto: nao e edital de fomento a OSC;servico_ao_orgao;SECRETARIA DE ESTADO DA SAUDE;ES;2025-12-31;arquivar no historico, retirar da fila de verificacao e do painel de abertos
b0db6433;reprovado por objeto: nao e edital de fomento a OSC;compra_publica;MUNICIPIO DE CAMACAN;BA;2025-01-30;arquivar no historico, retirar da fila de verificacao e do painel de abertos
b0ddc9e8;reprovado por objeto: nao e edital de fomento a OSC;resultado_de_edital;FUNDO MUNICIPAL DE SAUDE;GO;2023-11-16;arquivar no historico, retirar da fila de verificacao e do painel de abertos
b0e37e69;reprovado por objeto: nao e edital de fomento a OSC;uso_de_espaco_publico;MUNICIPIO DE TIJUCAS;SC;2024-07-09;arquivar no historico, retirar da fila de verificacao e do painel de abertos
b2960d14;reprovado por objeto: nao e edital de fomento a OSC;compra_publica;MUNICIPIO DE CORUPA;SC;2025-05-02;arquivar no historico, retirar da fila de verificacao e do painel de abertos
b2966ae1;reprovado por objeto: nao e edital de fomento a OSC;servico_ao_orgao;PNCP — MUNICIPIO DE LIMOEIRO DO AJURU;PA;;arquivar no historico, retirar da fila de verificacao e do painel de abertos
b2db4fce;reprovado por objeto: nao e edital de fomento a OSC;mecanismo_permanente;;;;arquivar no historico, retirar da fila de verificacao e do painel de abertos
b2de5626;reprovado por objeto: nao e edital de fomento a OSC;servico_ao_orgao;ESTADO DO ESPIRITO SANTO;ES;2024-08-19;arquivar no historico, retirar da fila de verificacao e do painel de abertos
b3db0847;reprovado por objeto: nao e edital de fomento a OSC;compra_publica;SERVICO AUTONOMO DE AGUA E ESGOTO;BA;2024-12-31;arquivar no historico, retirar da fila de verificacao e do painel de abertos
b52df3d4;reprovado por objeto: nao e edital de fomento a OSC;compra_ou_fornecimento;PNCP — MUNICIPIO DE CURACA;BA;;arquivar no historico, retirar da fila de verificacao e do painel de abertos
b64c2a01;reprovado por objeto: nao e edital de fomento a OSC;servico_ao_orgao;PNCP — CONSORCIO INTERMUNICIPAL DO VALE DO RIO CAI (CIS-CAI);RS;;arquivar no historico, retirar da fila de verificacao e do painel de abertos
b67bd806;reprovado por objeto: nao e edital de fomento a OSC;servico_ao_orgao;MUNICIPIO DE SAO JOSE;SC;2024-04-30;arquivar no historico, retirar da fila de verificacao e do painel de abertos
b6f2fa5c;reprovado por objeto: nao e edital de fomento a OSC;parecerista_ou_juri;MUNICIPIO DE SOLONOPOLE;CE;2025-04-14;arquivar no historico, retirar da fila de verificacao e do painel de abertos
b741ed48;reprovado por objeto: nao e edital de fomento a OSC;servico_ao_orgao;MUNICIPIO DE MORRO DO CHAPEU;BA;2025-03-03;arquivar no historico, retirar da fila de verificacao e do painel de abertos
b7b47b11;reprovado por objeto: nao e edital de fomento a OSC;servico_ao_orgao;CONSORCIO INTERMUNICIPAL DE SAUDE COSTA OESTE DO PARANA;PR;2034-08-02;arquivar no historico, retirar da fila de verificacao e do painel de abertos
b87ad2d2;reprovado por objeto: nao e edital de fomento a OSC;compra_publica;CONSORCIO INTERMUNICIPAL DE SAUDE;PR;2024-05-08;arquivar no historico, retirar da fila de verificacao e do painel de abertos
b9cc4fc7;reprovado por objeto: nao e edital de fomento a OSC;servico_ao_orgao;MUNICIPIO DE CRUZ MACHADO;PR;2024-07-19;arquivar no historico, retirar da fila de verificacao e do painel de abertos
b9ef1efb;reprovado por objeto: nao e edital de fomento a OSC;servico_ao_orgao;MUNICIPIO DE VALENCA;RJ;2025-11-27;arquivar no historico, retirar da fila de verificacao e do painel de abertos
ba6867cc;reprovado por objeto: nao e edital de fomento a OSC;parecerista_ou_juri;MUNICIPIO DE CAPIM GROSSO;BA;2025-12-09;arquivar no historico, retirar da fila de verificacao e do painel de abertos
bbae7c52;reprovado por objeto: nao e edital de fomento a OSC;compra_publica;MUNICIPIO DE CASEIROS;RS;2027-09-02;arquivar no historico, retirar da fila de verificacao e do painel de abertos
bc18606a;reprovado por objeto: nao e edital de fomento a OSC;servico_ao_orgao;SECRETARIA DE ESTADO DA SAUDE;ES;2025-12-31;arquivar no historico, retirar da fila de verificacao e do painel de abertos
bcf0a7d9;reprovado por objeto: nao e edital de fomento a OSC;servico_ao_orgao;MUNICIPIO DO RIO GRANDE;RS;2030-09-03;arquivar no historico, retirar da fila de verificacao e do painel de abertos
bd289783;reprovado por objeto: nao e edital de fomento a OSC;servico_ao_orgao;FUNDO MUNICIPAL DE SAUDE;SC;2029-12-13;arquivar no historico, retirar da fila de verificacao e do painel de abertos
bdaef431;reprovado por objeto: nao e edital de fomento a OSC;compra_ou_fornecimento;MUNICIPIO DE ITORORO;BA;2024-12-31;arquivar no historico, retirar da fila de verificacao e do painel de abertos
bf068d98;reprovado por objeto: nao e edital de fomento a OSC;parecerista_ou_juri;FUNDACAO CULTURAL DE SAO BENTO DO SUL;SC;2024-12-18;arquivar no historico, retirar da fila de verificacao e do painel de abertos
bf6c52ae;reprovado por objeto: nao e edital de fomento a OSC;servico_ao_orgao;CONSORCIO INTERMUNICIPAL DE SAUDE COSTA OESTE DO PARANA;PR;2034-08-07;arquivar no historico, retirar da fila de verificacao e do painel de abertos
c139360e;reprovado por objeto: nao e edital de fomento a OSC;compra_publica;MUNICIPIO DE NAVIRAI;MS;2025-04-23;arquivar no historico, retirar da fila de verificacao e do painel de abertos
c1f3964b;reprovado por objeto: nao e edital de fomento a OSC;servico_ao_orgao;CONSORCIO INTERMUNICIPAL DE SAUDE COSTA OESTE DO PARANA;PR;2034-08-02;arquivar no historico, retirar da fila de verificacao e do painel de abertos
c29759b6;reprovado por objeto: nao e edital de fomento a OSC;empresa_ou_mercado;;MG;;arquivar no historico, retirar da fila de verificacao e do painel de abertos
c3584524;reprovado por objeto: nao e edital de fomento a OSC;compra_ou_fornecimento;MUNICIPIO DE ARAUCARIA;PR;2024-07-31;arquivar no historico, retirar da fila de verificacao e do painel de abertos
c3d8c477;reprovado por objeto: nao e edital de fomento a OSC;servico_ao_orgao;PNCP — MUNICIPIO DE OLINDINA;BA;;arquivar no historico, retirar da fila de verificacao e do painel de abertos
c3fc454b;reprovado por objeto: nao e edital de fomento a OSC;compra_de_vaga;PNCP — MUNICIPIO DE TUBARAO;SC;;arquivar no historico, retirar da fila de verificacao e do painel de abertos
c5307eaf;reprovado por objeto: nao e edital de fomento a OSC;parecerista_ou_juri;FUNDACAO DE ARTE E CULTURA DE UBATUBA;SP;2025-02-07;arquivar no historico, retirar da fila de verificacao e do painel de abertos
c6062e88;reprovado por objeto: nao e edital de fomento a OSC;conteudo_editorial;;;;arquivar no historico, retirar da fila de verificacao e do painel de abertos
c622d55b;reprovado por objeto: nao e edital de fomento a OSC;servico_ao_orgao;FUNDO MUNICIPAL DE SAUDE DE PALESTINA DE GOIAS;GO;2025-01-07;arquivar no historico, retirar da fila de verificacao e do painel de abertos
c696f3b3;reprovado por objeto: nao e edital de fomento a OSC;servico_ao_orgao;MUNICIPIO DE JUIZ DE FORA;MG;2025-01-28;arquivar no historico, retirar da fila de verificacao e do painel de abertos
c9a7b943;reprovado por objeto: nao e edital de fomento a OSC;servico_ao_orgao;MUNICIPIO DE NOVA XAVANTINA;MT;2024-08-09;arquivar no historico, retirar da fila de verificacao e do painel de abertos
cc85a52e;reprovado por objeto: nao e edital de fomento a OSC;servico_ao_orgao;MUNICIPIO DE NOVA XAVANTINA;MT;2024-08-02;arquivar no historico, retirar da fila de verificacao e do painel de abertos
cc947cba;reprovado por objeto: nao e edital de fomento a OSC;servico_ao_orgao;PNCP — CONSORCIO INTERMUNICIPAL DE SAUDE DO ALTO RIO PARDO - CISARP;MG;;arquivar no historico, retirar da fila de verificacao e do painel de abertos
cccb7cda;reprovado por objeto: nao e edital de fomento a OSC;servico_ao_orgao;CONSORCIO INTERMUNICIPAL DE SAUDE;PR;2024-07-01;arquivar no historico, retirar da fila de verificacao e do painel de abertos
cd080b56;reprovado por objeto: nao e edital de fomento a OSC;compra_publica;PNCP — MUNICIPIO DE NOVA PRATA;RS;;arquivar no historico, retirar da fila de verificacao e do painel de abertos
cd7ed044;reprovado por objeto: nao e edital de fomento a OSC;servico_ao_orgao;CONSORCIO INTERMUNICIPAL DE SAUDE;PR;2024-08-05;arquivar no historico, retirar da fila de verificacao e do painel de abertos
cd9a9c38;reprovado por objeto: nao e edital de fomento a OSC;servico_ao_orgao;IPASLUZ SAUDE;GO;2025-12-01;arquivar no historico, retirar da fila de verificacao e do painel de abertos
cdb3ab69;reprovado por objeto: nao e edital de fomento a OSC;servico_ao_orgao;PNCP — MUNICIPIO DE UNIAO DE MINAS;MG;;arquivar no historico, retirar da fila de verificacao e do painel de abertos
ce5404f0;reprovado por objeto: nao e edital de fomento a OSC;servico_ao_orgao;CONSORCIO INT DE SAUDE DA COM DOS M DA REG DE C MOURAO;PR;2026-09-02;arquivar no historico, retirar da fila de verificacao e do painel de abertos
cf029518;reprovado por objeto: nao e edital de fomento a OSC;servico_ao_orgao;PNCP — MUNICIPIO DE LIMOEIRO DO NORTE;CE;;arquivar no historico, retirar da fila de verificacao e do painel de abertos
cfd881f2;reprovado por objeto: nao e edital de fomento a OSC;servico_ao_orgao;SUP. EST. DE LICITACAO;RO;2025-06-05;arquivar no historico, retirar da fila de verificacao e do painel de abertos
d01d56d2;reprovado por objeto: nao e edital de fomento a OSC;parecerista_ou_juri;PNCP — MUNICIPIO DE CANOAS;RS;;arquivar no historico, retirar da fila de verificacao e do painel de abertos
d0b37635;reprovado por objeto: nao e edital de fomento a OSC;uso_de_espaco_publico;MUNICIPIO DE INDAIAL;SC;2025-03-18;arquivar no historico, retirar da fila de verificacao e do painel de abertos
d150fd93;reprovado por objeto: nao e edital de fomento a OSC;cache_artistico;MUNICIPIO DE GRAO MOGOL;MG;2027-06-12;arquivar no historico, retirar da fila de verificacao e do painel de abertos
d2dfb98c;reprovado por objeto: nao e edital de fomento a OSC;servico_ao_orgao;SECRETARIA DE ESTADO DA SAUDE;ES;2025-12-31;arquivar no historico, retirar da fila de verificacao e do painel de abertos
d2eca857;reprovado por objeto: nao e edital de fomento a OSC;servico_ao_orgao;PNCP — MUNICIPIO DE SALGADO DE SAO FELIX;PB;;arquivar no historico, retirar da fila de verificacao e do painel de abertos
d332f959;reprovado por objeto: nao e edital de fomento a OSC;servico_ao_orgao;MUNICIPIO DE JANDAIA;GO;2026-09-03;arquivar no historico, retirar da fila de verificacao e do painel de abertos
d35919bc;reprovado por objeto: nao e edital de fomento a OSC;parecerista_ou_juri;MUNICIPIO DE SAO JOSE;SC;2023-10-06;arquivar no historico, retirar da fila de verificacao e do painel de abertos
d3f2479d;reprovado por objeto: nao e edital de fomento a OSC;servico_ao_orgao;SECRETARIA DE ESTADO DA SAUDE;ES;2025-12-31;arquivar no historico, retirar da fila de verificacao e do painel de abertos
d4237ed4;reprovado por objeto: nao e edital de fomento a OSC;compra_publica;FUNDO MUNICIPAL DE SAUDE;TO;2024-12-31;arquivar no historico, retirar da fila de verificacao e do painel de abertos
d55fa8fd;reprovado por objeto: nao e edital de fomento a OSC;servico_ao_orgao;PNCP — MUNICIPIO DE BARAO DE COCAIS;MG;;arquivar no historico, retirar da fila de verificacao e do painel de abertos
d56530df;reprovado por objeto: nao e edital de fomento a OSC;servico_ao_orgao;PNCP — MUNICIPIO DE CARVALHOPOLIS;MG;;arquivar no historico, retirar da fila de verificacao e do painel de abertos
d5debb05;reprovado por objeto: nao e edital de fomento a OSC;servico_ao_orgao;PNCP — INSTITUTO DE PREVIDENCIA DOS SERVIDORES MILITARES DE MG;MG;;arquivar no historico, retirar da fila de verificacao e do painel de abertos
d680d525;reprovado por objeto: nao e edital de fomento a OSC;servico_ao_orgao;ESTADO DO RIO DE JANEIRO;RJ;2025-10-06;arquivar no historico, retirar da fila de verificacao e do painel de abertos
d688753b;reprovado por objeto: nao e edital de fomento a OSC;objeto_insuficiente;INSTITUTO DE PREVIDENCIA DO MUNICIPIO DE BARRETOS;SP;2024-12-16;arquivar no historico, retirar da fila de verificacao e do painel de abertos
d7f31af2;reprovado por objeto: nao e edital de fomento a OSC;servico_ao_orgao;PNCP — MUNICIPIO DE SANTA RITA;PB;;arquivar no historico, retirar da fila de verificacao e do painel de abertos
d822aeee;reprovado por objeto: nao e edital de fomento a OSC;busca_patrocinador;MUNICIPIO DE TRES COROAS;RS;2030-08-01;arquivar no historico, retirar da fila de verificacao e do painel de abertos
d8f8b8f2;reprovado por objeto: nao e edital de fomento a OSC;servico_ao_orgao;MUNICIPIO DE INACIO MARTINS;PR;2024-05-06;arquivar no historico, retirar da fila de verificacao e do painel de abertos
d9f8c79f;reprovado por objeto: nao e edital de fomento a OSC;compra_ou_fornecimento;PNCP — MUNICIPIO DE LASSANCE;MG;;arquivar no historico, retirar da fila de verificacao e do painel de abertos
da48d834;reprovado por objeto: nao e edital de fomento a OSC;compra_ou_fornecimento;MUNICIPIO DE CLARO DOS POCOES;MG;2027-09-02;arquivar no historico, retirar da fila de verificacao e do painel de abertos
da8e167a;reprovado por objeto: nao e edital de fomento a OSC;conteudo_institucional;;;;arquivar no historico, retirar da fila de verificacao e do painel de abertos
daaca237;reprovado por objeto: nao e edital de fomento a OSC;compra_publica;MINISTERIO DA JUSTICA E SEGURANCA PUBLICA;SC;2026-06-09;arquivar no historico, retirar da fila de verificacao e do painel de abertos
dab1b880;reprovado por objeto: nao e edital de fomento a OSC;uso_de_espaco_publico;MUNICIPIO DE ILHABELA;SP;2028-04-02;arquivar no historico, retirar da fila de verificacao e do painel de abertos
daec7215;reprovado por objeto: nao e edital de fomento a OSC;busca_patrocinador;MUNICIPIO DE COARI;AM;2025-09-14;arquivar no historico, retirar da fila de verificacao e do painel de abertos
dd1e1cfa;reprovado por objeto: nao e edital de fomento a OSC;servico_ao_orgao;PNCP — CONSORCIO MULTIFINALITARIO DO BAIXO JEQUITINHONHA;MG;;arquivar no historico, retirar da fila de verificacao e do painel de abertos
dd5094ec;reprovado por objeto: nao e edital de fomento a OSC;pagina_institucional;;;;arquivar no historico, retirar da fila de verificacao e do painel de abertos
e0ba0a9d;reprovado por objeto: nao e edital de fomento a OSC;parecerista_ou_juri;FUNDACAO CULTURAL DE BRUSQUE;SC;2024-09-18;arquivar no historico, retirar da fila de verificacao e do painel de abertos
e16804d6;reprovado por objeto: nao e edital de fomento a OSC;servico_ao_orgao;CONSORCIO INTERMUNICIPAL DE SAUDE;PR;2024-05-07;arquivar no historico, retirar da fila de verificacao e do painel de abertos
e1773907;reprovado por objeto: nao e edital de fomento a OSC;servico_ao_orgao;PNCP — MUNICIPIO DE COLATINA;ES;;arquivar no historico, retirar da fila de verificacao e do painel de abertos
e2928ae7;reprovado por objeto: nao e edital de fomento a OSC;imovel_ou_mercado;DEFENSORIA PUBLICA DO ESTADO DO RIO GRANDE DO NORTE;RN;2024-06-28;arquivar no historico, retirar da fila de verificacao e do painel de abertos
e2945dc6;reprovado por objeto: nao e edital de fomento a OSC;servico_ao_orgao;MUNICIPIO DE JACAREZINHO;PR;2024-07-29;arquivar no historico, retirar da fila de verificacao e do painel de abertos
e3e4d67e;reprovado por objeto: nao e edital de fomento a OSC;servico_ao_orgao;PNCP — FUNDO MUNICIPAL DE SAUDE DO MUNICIPIO DE CASTANHAL;PA;;arquivar no historico, retirar da fila de verificacao e do painel de abertos
e5032db9;reprovado por objeto: nao e edital de fomento a OSC;servico_ao_orgao;MUNICIPIO DE JANDUIS;RN;;arquivar no historico, retirar da fila de verificacao e do painel de abertos
e579c03d;reprovado por objeto: nao e edital de fomento a OSC;servico_ao_orgao;ESTADO DE SERGIPE;SE;2026-06-10;arquivar no historico, retirar da fila de verificacao e do painel de abertos
e5fd8bf5;reprovado por objeto: nao e edital de fomento a OSC;cache_artistico;MUNICIPIO DE FAXINAL;PR;2024-08-21;arquivar no historico, retirar da fila de verificacao e do painel de abertos
e6801d29;reprovado por objeto: nao e edital de fomento a OSC;compra_ou_fornecimento;MUNICIPIO DE SENADOR CANEDO;GO;2024-05-17;arquivar no historico, retirar da fila de verificacao e do painel de abertos
e71d6113;reprovado por objeto: nao e edital de fomento a OSC;compra_ou_fornecimento;PNCP — MUNICIPIO DE UNIAO DO SUL;MT;;arquivar no historico, retirar da fila de verificacao e do painel de abertos
e8525f56;reprovado por objeto: nao e edital de fomento a OSC;uso_de_espaco_publico;MUNICIPIO DE CAFELANDIA;PR;2025-10-17;arquivar no historico, retirar da fila de verificacao e do painel de abertos
ea9d6929;reprovado por objeto: nao e edital de fomento a OSC;imovel_ou_mercado;MUNICIPIO DE GUARACIABA;SC;2025-07-15;arquivar no historico, retirar da fila de verificacao e do painel de abertos
eb9cbba0;reprovado por objeto: nao e edital de fomento a OSC;instituicao_financeira;PNCP — MUNICIPIO DE CORONEL FABRICIANO;MG;;arquivar no historico, retirar da fila de verificacao e do painel de abertos
ebf2901e;reprovado por objeto: nao e edital de fomento a OSC;servico_ao_orgao;GUARABIRA FUNDO MUNICIPAL DE SAUDE;PB;2025-02-17;arquivar no historico, retirar da fila de verificacao e do painel de abertos
ed1077ee;reprovado por objeto: nao e edital de fomento a OSC;compra_publica;FUNDO MUNICIPAL DE SAUDE DE CRISTALANDIA;TO;2024-07-22;arquivar no historico, retirar da fila de verificacao e do painel de abertos
ef179879;reprovado por objeto: nao e edital de fomento a OSC;servico_ao_orgao;SECRETARIA DE ESTADO DA SAUDE;ES;2024-12-17;arquivar no historico, retirar da fila de verificacao e do painel de abertos
f081943b;reprovado por objeto: nao e edital de fomento a OSC;servico_ao_orgao;PNCP — MUNICIPIO DE LIMOEIRO DO NORTE;CE;;arquivar no historico, retirar da fila de verificacao e do painel de abertos
f08dc181;reprovado por objeto: nao e edital de fomento a OSC;compra_ou_fornecimento;MUNICIPIO DE COLOMBO;PR;;arquivar no historico, retirar da fila de verificacao e do painel de abertos
f0975d3d;reprovado por objeto: nao e edital de fomento a OSC;servico_ao_orgao;PNCP — MUNICIPIO DE GOIABEIRA;MG;;arquivar no historico, retirar da fila de verificacao e do painel de abertos
f09d7bec;reprovado por objeto: nao e edital de fomento a OSC;parceria_ja_celebrada;MUNICIPIO DE SUMARE;SP;2026-04-24;arquivar no historico, retirar da fila de verificacao e do painel de abertos
f1530276;reprovado por objeto: nao e edital de fomento a OSC;servico_ao_orgao;MUNICIPIO DE BARRA MANSA;RJ;2024-11-18;arquivar no historico, retirar da fila de verificacao e do painel de abertos
f1748887;reprovado por objeto: nao e edital de fomento a OSC;servico_ao_orgao;FUNDO MUNICIPAL DE SAUDE DE CHAPADAO DO SUL-MS;MS;2024-07-08;arquivar no historico, retirar da fila de verificacao e do painel de abertos
f33717e6;reprovado por objeto: nao e edital de fomento a OSC;servico_ao_orgao;PNCP — FUNDO MUNICIPAL DE SAUDE;PE;;arquivar no historico, retirar da fila de verificacao e do painel de abertos
f359e425;reprovado por objeto: nao e edital de fomento a OSC;destinado_a_pessoa_fisica;;;;arquivar no historico, retirar da fila de verificacao e do painel de abertos
f3a0c20d;reprovado por objeto: nao e edital de fomento a OSC;servico_ao_orgao;CONSORCIO INTERMUNICIPAL DE SAUDE DO NORTE DO PARANA - CISNOP;PR;2024-06-27;arquivar no historico, retirar da fila de verificacao e do painel de abertos
f3c0e8d8;reprovado por objeto: nao e edital de fomento a OSC;resultado_de_habilitacao;CONSORCIO INTERMUNICIPAL DE SAUDE DO NORDESTE DE SANTA CATARINA;SC;2026-02-11;arquivar no historico, retirar da fila de verificacao e do painel de abertos
f3fad19f;reprovado por objeto: nao e edital de fomento a OSC;imovel_ou_mercado;CONSELHO REGIONAL DOS CORRETORES DE IMOVEIS DE SC;SC;2026-09-16;arquivar no historico, retirar da fila de verificacao e do painel de abertos
f5beb0ef;reprovado por objeto: nao e edital de fomento a OSC;servico_ao_orgao;ESTADO DE SERGIPE;SE;2026-07-09;arquivar no historico, retirar da fila de verificacao e do painel de abertos
f639d091;reprovado por objeto: nao e edital de fomento a OSC;compra_publica;MUNICIPIO DE CARUARU;PE;2025-06-10;arquivar no historico, retirar da fila de verificacao e do painel de abertos
f8f79eda;reprovado por objeto: nao e edital de fomento a OSC;servico_ao_orgao;PNCP — MUNICIPIO DE JACAREI;SP;;arquivar no historico, retirar da fila de verificacao e do painel de abertos
fab0016a;reprovado por objeto: nao e edital de fomento a OSC;parceria_ja_celebrada;MUNICIPIO DE PATOS DE MINAS;MG;2024-06-24;arquivar no historico, retirar da fila de verificacao e do painel de abertos
fb442c9b;reprovado por objeto: nao e edital de fomento a OSC;parceria_ja_celebrada;MUNICIPIO DE ARAQUARI;SC;2025-05-20;arquivar no historico, retirar da fila de verificacao e do painel de abertos
fb871fff;reprovado por objeto: nao e edital de fomento a OSC;resultado_de_edital;MUNICIPIO DE PATOS DE MINAS;MG;2024-06-28;arquivar no historico, retirar da fila de verificacao e do painel de abertos
fbe30a4c;reprovado por objeto: nao e edital de fomento a OSC;servico_ao_orgao;CONSORCIO INTERMUNICIPAL DE SAUDE;PR;2025-01-09;arquivar no historico, retirar da fila de verificacao e do painel de abertos
fc3e0449;reprovado por objeto: nao e edital de fomento a OSC;cache_artistico;MUNICIPIO DE FAXINAL;PR;2024-06-13;arquivar no historico, retirar da fila de verificacao e do painel de abertos
fd4cbbe1;reprovado por objeto: nao e edital de fomento a OSC;instituicao_financeira;MUNICIPIO DE GUAIBA;RS;2024-07-19;arquivar no historico, retirar da fila de verificacao e do painel de abertos
fe6f92cc;reprovado por objeto: nao e edital de fomento a OSC;servico_ao_orgao;CONSORCIO INT DE SAUDE DA COM DOS M DA REG DE C MOURAO;PR;2026-09-02;arquivar no historico, retirar da fila de verificacao e do painel de abertos
ff5a2c93;reprovado por objeto: nao e edital de fomento a OSC;servico_ao_orgao;CONSORCIO INTERMUNICIPAL DE SAUDE;PR;2024-06-05;arquivar no historico, retirar da fila de verificacao e do painel de abertos
22ca6714458b99faf7a9;reprovado por objeto: nao e edital de fomento a OSC;qualificacao_os;PNCP — MUNICIPIO DE PORANGATU;GO;2026-03-05;arquivar no historico, retirar da fila de verificacao e do painel de abertos
3f5feb59e69ed9e9b661;reprovado por objeto: nao e edital de fomento a OSC;empresa_ou_mercado;PNCP — MUNICIPIO DE GOIANDIRA;GO;2026-12-31;arquivar no historico, retirar da fila de verificacao e do painel de abertos
2413d9c1b82802c11644;reprovado por objeto: nao e edital de fomento a OSC;empresa_ou_mercado;PNCP — MUNICIPIO DE MONSENHOR TABOSA;CE;2026-05-21;arquivar no historico, retirar da fila de verificacao e do painel de abertos
1ea152ebf514530af43e;reprovado por objeto: nao e edital de fomento a OSC;servico_ao_orgao;PNCP — CONSORCIO INTERMUNICIPAL MULTIFINALITARIO DO MEDIO RIO DAS VELH;MG;2025-12-31;arquivar no historico, retirar da fila de verificacao e do painel de abertos
258be129fcecbe9530ba;reprovado por objeto: nao e edital de fomento a OSC;uso_de_espaco_publico;PNCP — MUNICIPIO DE ALMIRANTE TAMANDARE;PR;;arquivar no historico, retirar da fila de verificacao e do painel de abertos
b4f7e3b836560ceaf0b1;reprovado por objeto: nao e edital de fomento a OSC;imovel_ou_mercado;PNCP — MUNICIPIO DE FOZ DO IGUACU;PR;2026-09-08;arquivar no historico, retirar da fila de verificacao e do painel de abertos
eb09a11822a54825c278;reprovado por objeto: nao e edital de fomento a OSC;parceria_ja_celebrada;PNCP — MUNICIPIO DE SAO JOSE DA BELA VISTA;SP;;arquivar no historico, retirar da fila de verificacao e do painel de abertos
