id;uf;orgao;fim;motivo;acao
8c6a2a0e25ff8b32702d;RO;PNCP — MUNICIPIO DE JARU;2026-09-21;fora da abrangencia aprovada pelo titular (nacional + GO + Goiania): edital municipal de outra UF, cujo proponente precisa ter sede ou atuacao no municipio;manter no acervo historico, retirar da fila de verificacao ate que o titular amplie a abrangencia
ccf2796183121fdbd963;RO;PNCP — MUNICIPIO DE JARU;2026-09-22;fora da abrangencia aprovada pelo titular (nacional + GO + Goiania): edital municipal de outra UF, cujo proponente precisa ter sede ou atuacao no municipio;manter no acervo historico, retirar da fila de verificacao ate que o titular amplie a abrangencia
2ba35f9a49970753e57d;CE;PNCP — MUNICIPIO DE IPU;2026-09-23;fora da abrangencia aprovada pelo titular (nacional + GO + Goiania): edital municipal de outra UF, cujo proponente precisa ter sede ou atuacao no municipio;manter no acervo historico, retirar da fila de verificacao ate que o titular amplie a abrangencia
0b2e6b2eabe51d022e5e;RS;PNCP — MUNICIPIO DE LAGOA VERMELHA;2026-09-30;fora da abrangencia aprovada pelo titular (nacional + GO + Goiania): edital municipal de outra UF, cujo proponente precisa ter sede ou atuacao no municipio;manter no acervo historico, retirar da fila de verificacao ate que o titular amplie a abrangencia
42d12155e382f973b4a6;SP;PNCP — MUNICIPIO DE PORTO FELIZ;2026-10-09;fora da abrangencia aprovada pelo titular (nacional + GO + Goiania): edital municipal de outra UF, cujo proponente precisa ter sede ou atuacao no municipio;manter no acervo historico, retirar da fila de verificacao ate que o titular amplie a abrangencia
d54cfaf8f5934750f912;PR;PNCP — MUNICIPIO DE GUAIRA;2026-10-08;fora da abrangencia aprovada pelo titular (nacional + GO + Goiania): edital municipal de outra UF, cujo proponente precisa ter sede ou atuacao no municipio;manter no acervo historico, retirar da fila de verificacao ate que o titular amplie a abrangencia
f0808d006f8c34765c9a;SP;PNCP — MUNICIPIO DE ITATINGA;2026-10-02;fora da abrangencia aprovada pelo titular (nacional + GO + Goiania): edital municipal de outra UF, cujo proponente precisa ter sede ou atuacao no municipio;manter no acervo historico, retirar da fila de verificacao ate que o titular amplie a abrangencia
81a444690ae9d6a7fc56;RS;PNCP — MUNICIPIO DE OSORIO;2026-10-07;fora da abrangencia aprovada pelo titular (nacional + GO + Goiania): edital municipal de outra UF, cujo proponente precisa ter sede ou atuacao no municipio;manter no acervo historico, retirar da fila de verificacao ate que o titular amplie a abrangencia
5b2002af84d7311550c8;SC;PNCP — MUNICIPIO DE XANXERE;;fora da abrangencia aprovada pelo titular (nacional + GO + Goiania): edital municipal de outra UF, cujo proponente precisa ter sede ou atuacao no municipio;manter no acervo historico, retirar da fila de verificacao ate que o titular amplie a abrangencia
a36ee8a76017ea615080;MT;PNCP — MUNICIPIO DE RONDONOPOLIS;;fora da abrangencia aprovada pelo titular (nacional + GO + Goiania): edital municipal de outra UF, cujo proponente precisa ter sede ou atuacao no municipio;manter no acervo historico, retirar da fila de verificacao ate que o titular amplie a abrangencia
5865b8b689804b8e557e;MT;PNCP — MUNICIPIO DE NOVA UBIRATA;;fora da abrangencia aprovada pelo titular (nacional + GO + Goiania): edital municipal de outra UF, cujo proponente precisa ter sede ou atuacao no municipio;manter no acervo historico, retirar da fila de verificacao ate que o titular amplie a abrangencia
001575a8;RS;MUNICIPIO DE PASSO FUNDO;2024-10-22;fora da abrangencia aprovada pelo titular (nacional + GO + Goiania): edital municipal de outra UF, cujo proponente precisa ter sede ou atuacao no municipio;manter no acervo historico, retirar da fila de verificacao ate que o titular amplie a abrangencia
02beaaeb;SP;MUNICIPIO DE INDAIATUBA;2026-09-25;fora da abrangencia aprovada pelo titular (nacional + GO + Goiania): edital municipal de outra UF, cujo proponente precisa ter sede ou atuacao no municipio;manter no acervo historico, retirar da fila de verificacao ate que o titular amplie a abrangencia
09f664bb;PA;SECRETARIA DE ESTADO DE DESENVOLVIMENTO AGROPECUARIO E DA PESCA - SEDA;2025-10-01;fora da abrangencia aprovada pelo titular (nacional + GO + Goiania): edital municipal de outra UF, cujo proponente precisa ter sede ou atuacao no municipio;manter no acervo historico, retirar da fila de verificacao ate que o titular amplie a abrangencia
10e2daff;SP;MUNICIPIO DE PINDAMONHANGABA;2025-08-17;fora da abrangencia aprovada pelo titular (nacional + GO + Goiania): edital municipal de outra UF, cujo proponente precisa ter sede ou atuacao no municipio;manter no acervo historico, retirar da fila de verificacao ate que o titular amplie a abrangencia
1229a56c;SP;PNCP — CONSORCIO INTERMUNICIPAL DO ALTO VALE DO PARANAPANEMA - AMVAPA.;;fora da abrangencia aprovada pelo titular (nacional + GO + Goiania): edital municipal de outra UF, cujo proponente precisa ter sede ou atuacao no municipio;manter no acervo historico, retirar da fila de verificacao ate que o titular amplie a abrangencia
124e7299;DF;SECRETARIA DA MICRO E PEQUENA EMPRESA;2025-11-18;fora da abrangencia aprovada pelo titular (nacional + GO + Goiania): edital municipal de outra UF, cujo proponente precisa ter sede ou atuacao no municipio;manter no acervo historico, retirar da fila de verificacao ate que o titular amplie a abrangencia
20e27764;PR;MUNICIPIO DE PALMAS;2024-10-30;fora da abrangencia aprovada pelo titular (nacional + GO + Goiania): edital municipal de outra UF, cujo proponente precisa ter sede ou atuacao no municipio;manter no acervo historico, retirar da fila de verificacao ate que o titular amplie a abrangencia
25763cc0;PR;MUNICIPIO DE GUAIRA;;fora da abrangencia aprovada pelo titular (nacional + GO + Goiania): edital municipal de outra UF, cujo proponente precisa ter sede ou atuacao no municipio;manter no acervo historico, retirar da fila de verificacao ate que o titular amplie a abrangencia
283dd035;RS;MUNICIPIO DE SAPUCAIA DO SUL;2024-11-14;fora da abrangencia aprovada pelo titular (nacional + GO + Goiania): edital municipal de outra UF, cujo proponente precisa ter sede ou atuacao no municipio;manter no acervo historico, retirar da fila de verificacao ate que o titular amplie a abrangencia
29585d83;SC;FUNDO MUNICIPAL DE ASSISTENCIA SOCIAL - FMAS;2025-06-07;fora da abrangencia aprovada pelo titular (nacional + GO + Goiania): edital municipal de outra UF, cujo proponente precisa ter sede ou atuacao no municipio;manter no acervo historico, retirar da fila de verificacao ate que o titular amplie a abrangencia
2c9fe5e7;CE;MUNICIPIO DE MARACANAU;2026-01-02;fora da abrangencia aprovada pelo titular (nacional + GO + Goiania): edital municipal de outra UF, cujo proponente precisa ter sede ou atuacao no municipio;manter no acervo historico, retirar da fila de verificacao ate que o titular amplie a abrangencia
3bf5ffe3;CE;MUNICIPIO DE IPU;2026-03-03;fora da abrangencia aprovada pelo titular (nacional + GO + Goiania): edital municipal de outra UF, cujo proponente precisa ter sede ou atuacao no municipio;manter no acervo historico, retirar da fila de verificacao ate que o titular amplie a abrangencia
3cc9781a;MG;MUNICIPIO DE IPATINGA;2025-01-06;fora da abrangencia aprovada pelo titular (nacional + GO + Goiania): edital municipal de outra UF, cujo proponente precisa ter sede ou atuacao no municipio;manter no acervo historico, retirar da fila de verificacao ate que o titular amplie a abrangencia
423df80a;CE;MUNICIPIO DE PENTECOSTE;2025-02-06;fora da abrangencia aprovada pelo titular (nacional + GO + Goiania): edital municipal de outra UF, cujo proponente precisa ter sede ou atuacao no municipio;manter no acervo historico, retirar da fila de verificacao ate que o titular amplie a abrangencia
48e4eaa9;PR;MUNICIPIO DE DOIS VIZINHOS;2025-09-08;fora da abrangencia aprovada pelo titular (nacional + GO + Goiania): edital municipal de outra UF, cujo proponente precisa ter sede ou atuacao no municipio;manter no acervo historico, retirar da fila de verificacao ate que o titular amplie a abrangencia
498e3904;BA;MUNICIPIO DE ITACARE;;fora da abrangencia aprovada pelo titular (nacional + GO + Goiania): edital municipal de outra UF, cujo proponente precisa ter sede ou atuacao no municipio;manter no acervo historico, retirar da fila de verificacao ate que o titular amplie a abrangencia
4c15d746;PE;MUNICIPIO DE JUPI;2025-09-11;fora da abrangencia aprovada pelo titular (nacional + GO + Goiania): edital municipal de outra UF, cujo proponente precisa ter sede ou atuacao no municipio;manter no acervo historico, retirar da fila de verificacao ate que o titular amplie a abrangencia
57e0fb4a;CE;MUNICIPIO DE PACAJUS;2026-07-03;fora da abrangencia aprovada pelo titular (nacional + GO + Goiania): edital municipal de outra UF, cujo proponente precisa ter sede ou atuacao no municipio;manter no acervo historico, retirar da fila de verificacao ate que o titular amplie a abrangencia
5b28b15d;PR;MUNICIPIO DE COLOMBO;;fora da abrangencia aprovada pelo titular (nacional + GO + Goiania): edital municipal de outra UF, cujo proponente precisa ter sede ou atuacao no municipio;manter no acervo historico, retirar da fila de verificacao ate que o titular amplie a abrangencia
630ea3c4;SC;FUNDACAO MUNICIPAL CULTURAL DE PENHA;2024-12-03;fora da abrangencia aprovada pelo titular (nacional + GO + Goiania): edital municipal de outra UF, cujo proponente precisa ter sede ou atuacao no municipio;manter no acervo historico, retirar da fila de verificacao ate que o titular amplie a abrangencia
631d0ee5;SC;MUNICIPIO DE ITAJAI;2025-09-19;fora da abrangencia aprovada pelo titular (nacional + GO + Goiania): edital municipal de outra UF, cujo proponente precisa ter sede ou atuacao no municipio;manter no acervo historico, retirar da fila de verificacao ate que o titular amplie a abrangencia
63ac8d93;BA;MUNICIPIO DE ITACARE;2023-05-29;fora da abrangencia aprovada pelo titular (nacional + GO + Goiania): edital municipal de outra UF, cujo proponente precisa ter sede ou atuacao no municipio;manter no acervo historico, retirar da fila de verificacao ate que o titular amplie a abrangencia
7042e5df;SC;MUNICIPIO DE BALNEARIO DE PICARRAS;2024-11-12;fora da abrangencia aprovada pelo titular (nacional + GO + Goiania): edital municipal de outra UF, cujo proponente precisa ter sede ou atuacao no municipio;manter no acervo historico, retirar da fila de verificacao ate que o titular amplie a abrangencia
7895a614;SC;MUNICIPIO DE TIJUCAS;2024-12-31;fora da abrangencia aprovada pelo titular (nacional + GO + Goiania): edital municipal de outra UF, cujo proponente precisa ter sede ou atuacao no municipio;manter no acervo historico, retirar da fila de verificacao ate que o titular amplie a abrangencia
7dad98d2;SP;MUNICIPIO DE PINDAMONHANGABA;2025-06-22;fora da abrangencia aprovada pelo titular (nacional + GO + Goiania): edital municipal de outra UF, cujo proponente precisa ter sede ou atuacao no municipio;manter no acervo historico, retirar da fila de verificacao ate que o titular amplie a abrangencia
7fdf39fd;PB;FUNDO MUNICIPAL DE SAUDE DE CAMPINA GRANDE;2024-12-31;fora da abrangencia aprovada pelo titular (nacional + GO + Goiania): edital municipal de outra UF, cujo proponente precisa ter sede ou atuacao no municipio;manter no acervo historico, retirar da fila de verificacao ate que o titular amplie a abrangencia
83b1ac3d;RS;MUNICIPIO DE FARROUPILHA;2025-04-10;fora da abrangencia aprovada pelo titular (nacional + GO + Goiania): edital municipal de outra UF, cujo proponente precisa ter sede ou atuacao no municipio;manter no acervo historico, retirar da fila de verificacao ate que o titular amplie a abrangencia
86986fa7;PB;MUNICIPIO DE ALCANTIL;2026-04-06;fora da abrangencia aprovada pelo titular (nacional + GO + Goiania): edital municipal de outra UF, cujo proponente precisa ter sede ou atuacao no municipio;manter no acervo historico, retirar da fila de verificacao ate que o titular amplie a abrangencia
8a087eb4;CE;MUNICIPIO DE PEDRA BRANCA;2024-04-08;fora da abrangencia aprovada pelo titular (nacional + GO + Goiania): edital municipal de outra UF, cujo proponente precisa ter sede ou atuacao no municipio;manter no acervo historico, retirar da fila de verificacao ate que o titular amplie a abrangencia
8ac78e3f;CE;MUNICIPIO DE CASCAVEL;2024-05-10;fora da abrangencia aprovada pelo titular (nacional + GO + Goiania): edital municipal de outra UF, cujo proponente precisa ter sede ou atuacao no municipio;manter no acervo historico, retirar da fila de verificacao ate que o titular amplie a abrangencia
8d68b63a;RS;MUNICIPIO DE CANOAS;2027-12-31;fora da abrangencia aprovada pelo titular (nacional + GO + Goiania): edital municipal de outra UF, cujo proponente precisa ter sede ou atuacao no municipio;manter no acervo historico, retirar da fila de verificacao ate que o titular amplie a abrangencia
8de3468c;DF;SECRETARIA DA MICRO E PEQUENA EMPRESA;2026-09-15;fora da abrangencia aprovada pelo titular (nacional + GO + Goiania): edital municipal de outra UF, cujo proponente precisa ter sede ou atuacao no municipio;manter no acervo historico, retirar da fila de verificacao ate que o titular amplie a abrangencia
8ed7377b;MG;MUNICIPIO DE MONTES CLAROS;2026-11-09;fora da abrangencia aprovada pelo titular (nacional + GO + Goiania): edital municipal de outra UF, cujo proponente precisa ter sede ou atuacao no municipio;manter no acervo historico, retirar da fila de verificacao ate que o titular amplie a abrangencia
8f2b3454;BA;MUNICIPIO DE ANDORINHA;2026-07-16;fora da abrangencia aprovada pelo titular (nacional + GO + Goiania): edital municipal de outra UF, cujo proponente precisa ter sede ou atuacao no municipio;manter no acervo historico, retirar da fila de verificacao ate que o titular amplie a abrangencia
91fb791d;SP;PNCP — MUNICIPIO DE JACAREI;;fora da abrangencia aprovada pelo titular (nacional + GO + Goiania): edital municipal de outra UF, cujo proponente precisa ter sede ou atuacao no municipio;manter no acervo historico, retirar da fila de verificacao ate que o titular amplie a abrangencia
92c21c1e;CE;MUNICIPIO DE TAMBORIL;2025-12-31;fora da abrangencia aprovada pelo titular (nacional + GO + Goiania): edital municipal de outra UF, cujo proponente precisa ter sede ou atuacao no municipio;manter no acervo historico, retirar da fila de verificacao ate que o titular amplie a abrangencia
947fe159;MG;MUNICIPIO DE CONFINS;2024-11-28;fora da abrangencia aprovada pelo titular (nacional + GO + Goiania): edital municipal de outra UF, cujo proponente precisa ter sede ou atuacao no municipio;manter no acervo historico, retirar da fila de verificacao ate que o titular amplie a abrangencia
98adb3ec;SP;MUNICIPIO DE RIBEIRAO PRETO;2025-10-29;fora da abrangencia aprovada pelo titular (nacional + GO + Goiania): edital municipal de outra UF, cujo proponente precisa ter sede ou atuacao no municipio;manter no acervo historico, retirar da fila de verificacao ate que o titular amplie a abrangencia
98ea4aea;BA;CONSELHO REGIONAL DOS TECNICOS INDUSTRIAIS DA BAHIA - CRT-BA;2025-04-11;fora da abrangencia aprovada pelo titular (nacional + GO + Goiania): edital municipal de outra UF, cujo proponente precisa ter sede ou atuacao no municipio;manter no acervo historico, retirar da fila de verificacao ate que o titular amplie a abrangencia
99cffd84;AL;ESTADO DE ALAGOAS;2024-08-12;fora da abrangencia aprovada pelo titular (nacional + GO + Goiania): edital municipal de outra UF, cujo proponente precisa ter sede ou atuacao no municipio;manter no acervo historico, retirar da fila de verificacao ate que o titular amplie a abrangencia
a44774f9;BA;ESTADO DA BAHIA;2024-12-31;fora da abrangencia aprovada pelo titular (nacional + GO + Goiania): edital municipal de outra UF, cujo proponente precisa ter sede ou atuacao no municipio;manter no acervo historico, retirar da fila de verificacao ate que o titular amplie a abrangencia
a500abb8;SP;MUNICIPIO DE BAURU;2026-03-09;fora da abrangencia aprovada pelo titular (nacional + GO + Goiania): edital municipal de outra UF, cujo proponente precisa ter sede ou atuacao no municipio;manter no acervo historico, retirar da fila de verificacao ate que o titular amplie a abrangencia
a83a7653;BA;MUNICIPIO DE BARREIRAS;2025-05-28;fora da abrangencia aprovada pelo titular (nacional + GO + Goiania): edital municipal de outra UF, cujo proponente precisa ter sede ou atuacao no municipio;manter no acervo historico, retirar da fila de verificacao ate que o titular amplie a abrangencia
a8d4a669;RN;MUNICIPIO DE NISIA FLORESTA;2024-06-28;fora da abrangencia aprovada pelo titular (nacional + GO + Goiania): edital municipal de outra UF, cujo proponente precisa ter sede ou atuacao no municipio;manter no acervo historico, retirar da fila de verificacao ate que o titular amplie a abrangencia
ab865aa3;AL;PNCP — TRIBUNAL DE JUSTICA DO ESTADO DE ALAGOAS;;fora da abrangencia aprovada pelo titular (nacional + GO + Goiania): edital municipal de outra UF, cujo proponente precisa ter sede ou atuacao no municipio;manter no acervo historico, retirar da fila de verificacao ate que o titular amplie a abrangencia
b02a8e79;CE;MUNICIPIO DE TAMBORIL;2024-05-21;fora da abrangencia aprovada pelo titular (nacional + GO + Goiania): edital municipal de outra UF, cujo proponente precisa ter sede ou atuacao no municipio;manter no acervo historico, retirar da fila de verificacao ate que o titular amplie a abrangencia
b30e68d1;PR;MUNICIPIO DE ENTRE RIOS DO OESTE;2024-04-11;fora da abrangencia aprovada pelo titular (nacional + GO + Goiania): edital municipal de outra UF, cujo proponente precisa ter sede ou atuacao no municipio;manter no acervo historico, retirar da fila de verificacao ate que o titular amplie a abrangencia
b618e2a1;PA;SECRETARIA DE ESTADO DE ADMINISTRACAO PENITENCIARIA - SEAP;2024-05-28;fora da abrangencia aprovada pelo titular (nacional + GO + Goiania): edital municipal de outra UF, cujo proponente precisa ter sede ou atuacao no municipio;manter no acervo historico, retirar da fila de verificacao ate que o titular amplie a abrangencia
b858a9eb;SP;MUNICIPIO DE PERUIBE;2029-11-05;fora da abrangencia aprovada pelo titular (nacional + GO + Goiania): edital municipal de outra UF, cujo proponente precisa ter sede ou atuacao no municipio;manter no acervo historico, retirar da fila de verificacao ate que o titular amplie a abrangencia
ba3fdfb0;SP;MUNICIPIO DE SAO CARLOS;2026-08-12;fora da abrangencia aprovada pelo titular (nacional + GO + Goiania): edital municipal de outra UF, cujo proponente precisa ter sede ou atuacao no municipio;manter no acervo historico, retirar da fila de verificacao ate que o titular amplie a abrangencia
bf76e910;MG;MUNICIPIO DE RIBEIRAO DAS NEVES;2024-10-16;fora da abrangencia aprovada pelo titular (nacional + GO + Goiania): edital municipal de outra UF, cujo proponente precisa ter sede ou atuacao no municipio;manter no acervo historico, retirar da fila de verificacao ate que o titular amplie a abrangencia
c017e9d7;RN;MUNICIPIO DE ACARI;2025-12-31;fora da abrangencia aprovada pelo titular (nacional + GO + Goiania): edital municipal de outra UF, cujo proponente precisa ter sede ou atuacao no municipio;manter no acervo historico, retirar da fila de verificacao ate que o titular amplie a abrangencia
c3bd65eb;PR;MUNICIPIO DE KALORE;2024-05-20;fora da abrangencia aprovada pelo titular (nacional + GO + Goiania): edital municipal de outra UF, cujo proponente precisa ter sede ou atuacao no municipio;manter no acervo historico, retirar da fila de verificacao ate que o titular amplie a abrangencia
c4425625;PR;DEPARTAMENTO DE ESTRADAS DE RODAGEM DO ESTADO DO PARANA;2026-09-22;fora da abrangencia aprovada pelo titular (nacional + GO + Goiania): edital municipal de outra UF, cujo proponente precisa ter sede ou atuacao no municipio;manter no acervo historico, retirar da fila de verificacao ate que o titular amplie a abrangencia
cf6049e4;SC;MUNICIPIO DE XANXERE;2024-12-13;fora da abrangencia aprovada pelo titular (nacional + GO + Goiania): edital municipal de outra UF, cujo proponente precisa ter sede ou atuacao no municipio;manter no acervo historico, retirar da fila de verificacao ate que o titular amplie a abrangencia
d231d9c6;RS;MUNICIPIO DE GRAVATAI;2026-06-01;fora da abrangencia aprovada pelo titular (nacional + GO + Goiania): edital municipal de outra UF, cujo proponente precisa ter sede ou atuacao no municipio;manter no acervo historico, retirar da fila de verificacao ate que o titular amplie a abrangencia
e06d3756;SP;MUNICIPIO DE AMPARO;2024-07-10;fora da abrangencia aprovada pelo titular (nacional + GO + Goiania): edital municipal de outra UF, cujo proponente precisa ter sede ou atuacao no municipio;manter no acervo historico, retirar da fila de verificacao ate que o titular amplie a abrangencia
e8985451;PR;MUNICIPIO DE ENTRE RIOS DO OESTE;2024-04-08;fora da abrangencia aprovada pelo titular (nacional + GO + Goiania): edital municipal de outra UF, cujo proponente precisa ter sede ou atuacao no municipio;manter no acervo historico, retirar da fila de verificacao ate que o titular amplie a abrangencia
ea7eed21;CE;MUNICIPIO DE SAO BENEDITO;2024-06-21;fora da abrangencia aprovada pelo titular (nacional + GO + Goiania): edital municipal de outra UF, cujo proponente precisa ter sede ou atuacao no municipio;manter no acervo historico, retirar da fila de verificacao ate que o titular amplie a abrangencia
ebc55c85;SP;PNCP — CONSORCIO INTERMUNICIPAL DO ALTO VALE DO PARANAPANEMA - AMVAPA.;;fora da abrangencia aprovada pelo titular (nacional + GO + Goiania): edital municipal de outra UF, cujo proponente precisa ter sede ou atuacao no municipio;manter no acervo historico, retirar da fila de verificacao ate que o titular amplie a abrangencia
ee4548fc;RO;SUP. EST. DE LICITACAO;2025-12-05;fora da abrangencia aprovada pelo titular (nacional + GO + Goiania): edital municipal de outra UF, cujo proponente precisa ter sede ou atuacao no municipio;manter no acervo historico, retirar da fila de verificacao ate que o titular amplie a abrangencia
ef328b28;PR;MUNICIPIO DE FLORAI;2026-04-28;fora da abrangencia aprovada pelo titular (nacional + GO + Goiania): edital municipal de outra UF, cujo proponente precisa ter sede ou atuacao no municipio;manter no acervo historico, retirar da fila de verificacao ate que o titular amplie a abrangencia
f5f21c7b;PR;UNIVERSIDADE ESTADUAL DO CENTRO OESTE;2026-12-10;fora da abrangencia aprovada pelo titular (nacional + GO + Goiania): edital municipal de outra UF, cujo proponente precisa ter sede ou atuacao no municipio;manter no acervo historico, retirar da fila de verificacao ate que o titular amplie a abrangencia
f9f05ff8;PR;MUNICIPIO DE COLOMBO;2025-07-01;fora da abrangencia aprovada pelo titular (nacional + GO + Goiania): edital municipal de outra UF, cujo proponente precisa ter sede ou atuacao no municipio;manter no acervo historico, retirar da fila de verificacao ate que o titular amplie a abrangencia
fcb79d2f;MT;MUNICIPIO DE NOVA GUARITA;2024-12-06;fora da abrangencia aprovada pelo titular (nacional + GO + Goiania): edital municipal de outra UF, cujo proponente precisa ter sede ou atuacao no municipio;manter no acervo historico, retirar da fila de verificacao ate que o titular amplie a abrangencia
1f2ded3a5a3a7ac6defb;AC;PNCP — ESTADO DO ACRE;;fora da abrangencia aprovada pelo titular (nacional + GO + Goiania): edital municipal de outra UF, cujo proponente precisa ter sede ou atuacao no municipio;manter no acervo historico, retirar da fila de verificacao ate que o titular amplie a abrangencia
b9aa532fe4f7c49694e6;AL;PNCP — MUNICIPIO DE RIO LARGO;;fora da abrangencia aprovada pelo titular (nacional + GO + Goiania): edital municipal de outra UF, cujo proponente precisa ter sede ou atuacao no municipio;manter no acervo historico, retirar da fila de verificacao ate que o titular amplie a abrangencia
d21ce12871ba8c1ff04a;AL;PNCP — MUNICIPIO DE PALMEIRA DOS INDIOS;;fora da abrangencia aprovada pelo titular (nacional + GO + Goiania): edital municipal de outra UF, cujo proponente precisa ter sede ou atuacao no municipio;manter no acervo historico, retirar da fila de verificacao ate que o titular amplie a abrangencia
b905c766bef65ae17766;AM;PNCP — PROCURADORIA GERAL DE JUSTICA DO ESTADO DO AMAZONAS;;fora da abrangencia aprovada pelo titular (nacional + GO + Goiania): edital municipal de outra UF, cujo proponente precisa ter sede ou atuacao no municipio;manter no acervo historico, retirar da fila de verificacao ate que o titular amplie a abrangencia
c0a95ca4b6d893e95489;AM;PNCP — FUNDO MUNICIPAL DE CULTURA;;fora da abrangencia aprovada pelo titular (nacional + GO + Goiania): edital municipal de outra UF, cujo proponente precisa ter sede ou atuacao no municipio;manter no acervo historico, retirar da fila de verificacao ate que o titular amplie a abrangencia
d13f7c2c4eaa5d17130b;AM;PNCP — FUNDO MUNICIPAL DE CULTURA;;fora da abrangencia aprovada pelo titular (nacional + GO + Goiania): edital municipal de outra UF, cujo proponente precisa ter sede ou atuacao no municipio;manter no acervo historico, retirar da fila de verificacao ate que o titular amplie a abrangencia
fa8d9e9bfc9ccac034e2;AM;PNCP — FUNDO MUNICIPAL DE CULTURA;;fora da abrangencia aprovada pelo titular (nacional + GO + Goiania): edital municipal de outra UF, cujo proponente precisa ter sede ou atuacao no municipio;manter no acervo historico, retirar da fila de verificacao ate que o titular amplie a abrangencia
01efd9c4cbacbc782d98;BA;PNCP — MUNICIPIO DE ALAGOINHAS;;fora da abrangencia aprovada pelo titular (nacional + GO + Goiania): edital municipal de outra UF, cujo proponente precisa ter sede ou atuacao no municipio;manter no acervo historico, retirar da fila de verificacao ate que o titular amplie a abrangencia
0ce9e2dee2377128a078;BA;PNCP — MUNICIPIO DE DIAS D'AVILA;;fora da abrangencia aprovada pelo titular (nacional + GO + Goiania): edital municipal de outra UF, cujo proponente precisa ter sede ou atuacao no municipio;manter no acervo historico, retirar da fila de verificacao ate que o titular amplie a abrangencia
3cda5dffd549be2cd079;BA;PNCP — MUNICIPIO DE DIAS D'AVILA;;fora da abrangencia aprovada pelo titular (nacional + GO + Goiania): edital municipal de outra UF, cujo proponente precisa ter sede ou atuacao no municipio;manter no acervo historico, retirar da fila de verificacao ate que o titular amplie a abrangencia
4ff67a8be58771740f50;BA;PNCP — MUNICIPIO DE ITACARE;;fora da abrangencia aprovada pelo titular (nacional + GO + Goiania): edital municipal de outra UF, cujo proponente precisa ter sede ou atuacao no municipio;manter no acervo historico, retirar da fila de verificacao ate que o titular amplie a abrangencia
c8f4c982076d0dd9668f;BA;PNCP — MUNICIPIO DE DIAS D'AVILA;;fora da abrangencia aprovada pelo titular (nacional + GO + Goiania): edital municipal de outra UF, cujo proponente precisa ter sede ou atuacao no municipio;manter no acervo historico, retirar da fila de verificacao ate que o titular amplie a abrangencia
ef09d597d6e5d87b28bd;BA;PNCP — MUNICIPIO DE ALAGOINHAS;;fora da abrangencia aprovada pelo titular (nacional + GO + Goiania): edital municipal de outra UF, cujo proponente precisa ter sede ou atuacao no municipio;manter no acervo historico, retirar da fila de verificacao ate que o titular amplie a abrangencia
f379aced3bed9913a944;BA;PNCP — MUNICIPIO DE IRECE;;fora da abrangencia aprovada pelo titular (nacional + GO + Goiania): edital municipal de outra UF, cujo proponente precisa ter sede ou atuacao no municipio;manter no acervo historico, retirar da fila de verificacao ate que o titular amplie a abrangencia
7a97a0c5ff1fb737f735;BA;PNCP — MUNICIPIO DE GUARATINGA;;fora da abrangencia aprovada pelo titular (nacional + GO + Goiania): edital municipal de outra UF, cujo proponente precisa ter sede ou atuacao no municipio;manter no acervo historico, retirar da fila de verificacao ate que o titular amplie a abrangencia
4ea6a81cf88eb115f13e;BA;PNCP — MUNICIPIO DE IRAQUARA;;fora da abrangencia aprovada pelo titular (nacional + GO + Goiania): edital municipal de outra UF, cujo proponente precisa ter sede ou atuacao no municipio;manter no acervo historico, retirar da fila de verificacao ate que o titular amplie a abrangencia
0b6a8f1809203eb73377;CE;PNCP — MUNICIPIO DE IBIAPINA;;fora da abrangencia aprovada pelo titular (nacional + GO + Goiania): edital municipal de outra UF, cujo proponente precisa ter sede ou atuacao no municipio;manter no acervo historico, retirar da fila de verificacao ate que o titular amplie a abrangencia
31b8a937a989d196a8b7;CE;PNCP — MUNICIPIO DE NOVA RUSSAS;;fora da abrangencia aprovada pelo titular (nacional + GO + Goiania): edital municipal de outra UF, cujo proponente precisa ter sede ou atuacao no municipio;manter no acervo historico, retirar da fila de verificacao ate que o titular amplie a abrangencia
caa19170eb41534c9368;CE;PNCP — MUNICIPIO DE OCARA;;fora da abrangencia aprovada pelo titular (nacional + GO + Goiania): edital municipal de outra UF, cujo proponente precisa ter sede ou atuacao no municipio;manter no acervo historico, retirar da fila de verificacao ate que o titular amplie a abrangencia
d19c6f466e3d3c7c32d4;CE;PNCP — MUNICIPIO DE ACOPIARA;;fora da abrangencia aprovada pelo titular (nacional + GO + Goiania): edital municipal de outra UF, cujo proponente precisa ter sede ou atuacao no municipio;manter no acervo historico, retirar da fila de verificacao ate que o titular amplie a abrangencia
dc73999357ed4e37d07f;CE;PNCP — MUNICIPIO DE SENADOR POMPEU;;fora da abrangencia aprovada pelo titular (nacional + GO + Goiania): edital municipal de outra UF, cujo proponente precisa ter sede ou atuacao no municipio;manter no acervo historico, retirar da fila de verificacao ate que o titular amplie a abrangencia
248f790790781eb96dce;CE;PNCP — MUNICIPIO DE HORIZONTE;;fora da abrangencia aprovada pelo titular (nacional + GO + Goiania): edital municipal de outra UF, cujo proponente precisa ter sede ou atuacao no municipio;manter no acervo historico, retirar da fila de verificacao ate que o titular amplie a abrangencia
a2e23f84f60e8ace4d9e;CE;PNCP — MUNICIPIO DE SENADOR SA;;fora da abrangencia aprovada pelo titular (nacional + GO + Goiania): edital municipal de outra UF, cujo proponente precisa ter sede ou atuacao no municipio;manter no acervo historico, retirar da fila de verificacao ate que o titular amplie a abrangencia
6695f89b3176a843e827;CE;PNCP — MUNICIPIO DE BATURITE;;fora da abrangencia aprovada pelo titular (nacional + GO + Goiania): edital municipal de outra UF, cujo proponente precisa ter sede ou atuacao no municipio;manter no acervo historico, retirar da fila de verificacao ate que o titular amplie a abrangencia
c398fe0faee0394d5113;DF;PNCP — CONSELHO FEDERAL DE ENGENHARIA E AGRONOMIA;;fora da abrangencia aprovada pelo titular (nacional + GO + Goiania): edital municipal de outra UF, cujo proponente precisa ter sede ou atuacao no municipio;manter no acervo historico, retirar da fila de verificacao ate que o titular amplie a abrangencia
4c33635685d7c762cedb;ES;PNCP — MUNICIPIO DE ITAPEMIRIM;;fora da abrangencia aprovada pelo titular (nacional + GO + Goiania): edital municipal de outra UF, cujo proponente precisa ter sede ou atuacao no municipio;manter no acervo historico, retirar da fila de verificacao ate que o titular amplie a abrangencia
11768ed9d6ef89878efe;MA;PNCP — MUNICIPIO DE GOVERNADOR LUIZ ROCHA;;fora da abrangencia aprovada pelo titular (nacional + GO + Goiania): edital municipal de outra UF, cujo proponente precisa ter sede ou atuacao no municipio;manter no acervo historico, retirar da fila de verificacao ate que o titular amplie a abrangencia
e8de25d724d1de2c80b0;MA;PNCP — MUNICIPIO DE PAULO RAMOS;;fora da abrangencia aprovada pelo titular (nacional + GO + Goiania): edital municipal de outra UF, cujo proponente precisa ter sede ou atuacao no municipio;manter no acervo historico, retirar da fila de verificacao ate que o titular amplie a abrangencia
d68b52c19517b5fe511c;MA;PNCP — MUNICIPIO DE CAXIAS;;fora da abrangencia aprovada pelo titular (nacional + GO + Goiania): edital municipal de outra UF, cujo proponente precisa ter sede ou atuacao no municipio;manter no acervo historico, retirar da fila de verificacao ate que o titular amplie a abrangencia
31164bc891740538ceb8;MG;PNCP — MUNICIPIO DE PEDRA BONITA;;fora da abrangencia aprovada pelo titular (nacional + GO + Goiania): edital municipal de outra UF, cujo proponente precisa ter sede ou atuacao no municipio;manter no acervo historico, retirar da fila de verificacao ate que o titular amplie a abrangencia
63d4a2a3748953c0568b;MG;PNCP — MUNICIPIO DE WENCESLAU BRAZ;;fora da abrangencia aprovada pelo titular (nacional + GO + Goiania): edital municipal de outra UF, cujo proponente precisa ter sede ou atuacao no municipio;manter no acervo historico, retirar da fila de verificacao ate que o titular amplie a abrangencia
832b4ebf5f1b167a198e;MG;PNCP — MUNICIPIO DE RIBEIRAO DAS NEVES;;fora da abrangencia aprovada pelo titular (nacional + GO + Goiania): edital municipal de outra UF, cujo proponente precisa ter sede ou atuacao no municipio;manter no acervo historico, retirar da fila de verificacao ate que o titular amplie a abrangencia
a5b965e8246ce83ed56a;MG;PNCP — MUNICIPIO DE PATROCINIO;;fora da abrangencia aprovada pelo titular (nacional + GO + Goiania): edital municipal de outra UF, cujo proponente precisa ter sede ou atuacao no municipio;manter no acervo historico, retirar da fila de verificacao ate que o titular amplie a abrangencia
459733f1b7d072c4b563;MG;PNCP — MUNICIPIO DE PARACATU;;fora da abrangencia aprovada pelo titular (nacional + GO + Goiania): edital municipal de outra UF, cujo proponente precisa ter sede ou atuacao no municipio;manter no acervo historico, retirar da fila de verificacao ate que o titular amplie a abrangencia
5fdac067946276084a85;MG;PNCP — MUNICIPIO DE PARACATU;;fora da abrangencia aprovada pelo titular (nacional + GO + Goiania): edital municipal de outra UF, cujo proponente precisa ter sede ou atuacao no municipio;manter no acervo historico, retirar da fila de verificacao ate que o titular amplie a abrangencia
ccc296e9e783767e56b2;MG;PNCP — MUNICIPIO DE ORATORIOS;;fora da abrangencia aprovada pelo titular (nacional + GO + Goiania): edital municipal de outra UF, cujo proponente precisa ter sede ou atuacao no municipio;manter no acervo historico, retirar da fila de verificacao ate que o titular amplie a abrangencia
6778d5aa826c7b107693;MT;PNCP — MUNICIPIO DE COLNIZA;;fora da abrangencia aprovada pelo titular (nacional + GO + Goiania): edital municipal de outra UF, cujo proponente precisa ter sede ou atuacao no municipio;manter no acervo historico, retirar da fila de verificacao ate que o titular amplie a abrangencia
6846a6fdc442a7edf191;MT;PNCP — MUNICIPIO DE SORRISO;;fora da abrangencia aprovada pelo titular (nacional + GO + Goiania): edital municipal de outra UF, cujo proponente precisa ter sede ou atuacao no municipio;manter no acervo historico, retirar da fila de verificacao ate que o titular amplie a abrangencia
cfa2bfd4a77cf4ce804e;MT;PNCP — MUNICIPIO DE PARANATINGA;;fora da abrangencia aprovada pelo titular (nacional + GO + Goiania): edital municipal de outra UF, cujo proponente precisa ter sede ou atuacao no municipio;manter no acervo historico, retirar da fila de verificacao ate que o titular amplie a abrangencia
4c94a13f418fba0d0715;MT;PNCP — MUNICIPIO DE NOBRES;;fora da abrangencia aprovada pelo titular (nacional + GO + Goiania): edital municipal de outra UF, cujo proponente precisa ter sede ou atuacao no municipio;manter no acervo historico, retirar da fila de verificacao ate que o titular amplie a abrangencia
f23f77917aa8ab75ca26;PA;PNCP — MUNICIPIO DE BELTERRA;;fora da abrangencia aprovada pelo titular (nacional + GO + Goiania): edital municipal de outra UF, cujo proponente precisa ter sede ou atuacao no municipio;manter no acervo historico, retirar da fila de verificacao ate que o titular amplie a abrangencia
b1b9f55f9e5624abd95e;PI;PNCP — FUNDACAO MUNICIPAL DE SAUDE;;fora da abrangencia aprovada pelo titular (nacional + GO + Goiania): edital municipal de outra UF, cujo proponente precisa ter sede ou atuacao no municipio;manter no acervo historico, retirar da fila de verificacao ate que o titular amplie a abrangencia
52aae9ce41ad52f83809;PI;PNCP — MUNICIPIO DE FLORIANO;;fora da abrangencia aprovada pelo titular (nacional + GO + Goiania): edital municipal de outra UF, cujo proponente precisa ter sede ou atuacao no municipio;manter no acervo historico, retirar da fila de verificacao ate que o titular amplie a abrangencia
023bbe9cd308edd98a3d;PR;PNCP — MUNICIPIO DE PRUDENTOPOLIS;;fora da abrangencia aprovada pelo titular (nacional + GO + Goiania): edital municipal de outra UF, cujo proponente precisa ter sede ou atuacao no municipio;manter no acervo historico, retirar da fila de verificacao ate que o titular amplie a abrangencia
3dd2e9ce702aae7659a5;PR;PNCP — MUNICIPIO DE NOVA ESPERANCA;;fora da abrangencia aprovada pelo titular (nacional + GO + Goiania): edital municipal de outra UF, cujo proponente precisa ter sede ou atuacao no municipio;manter no acervo historico, retirar da fila de verificacao ate que o titular amplie a abrangencia
47869269b585c38a5736;PR;PNCP — MUNICIPIO DE COLOMBO;;fora da abrangencia aprovada pelo titular (nacional + GO + Goiania): edital municipal de outra UF, cujo proponente precisa ter sede ou atuacao no municipio;manter no acervo historico, retirar da fila de verificacao ate que o titular amplie a abrangencia
56160bcf52ea1bfaeb88;PR;PNCP — SECRETARIA DE ESTADO DA SEGURANCA PUBLICA;;fora da abrangencia aprovada pelo titular (nacional + GO + Goiania): edital municipal de outra UF, cujo proponente precisa ter sede ou atuacao no municipio;manter no acervo historico, retirar da fila de verificacao ate que o titular amplie a abrangencia
72c1599531991b1ac933;PR;PNCP — FUNDACAO DE ESPORTES DE CAMPO MOURAO;;fora da abrangencia aprovada pelo titular (nacional + GO + Goiania): edital municipal de outra UF, cujo proponente precisa ter sede ou atuacao no municipio;manter no acervo historico, retirar da fila de verificacao ate que o titular amplie a abrangencia
76d1259c4c611525eb22;PR;PNCP — MUNICIPIO DE TERRA BOA;;fora da abrangencia aprovada pelo titular (nacional + GO + Goiania): edital municipal de outra UF, cujo proponente precisa ter sede ou atuacao no municipio;manter no acervo historico, retirar da fila de verificacao ate que o titular amplie a abrangencia
7d0bb9ae4eb3935a7d0b;PR;PNCP — SECRETARIA DE ESTADO DA SEGURANCA PUBLICA;;fora da abrangencia aprovada pelo titular (nacional + GO + Goiania): edital municipal de outra UF, cujo proponente precisa ter sede ou atuacao no municipio;manter no acervo historico, retirar da fila de verificacao ate que o titular amplie a abrangencia
81a0437c26b4279fc8b4;PR;PNCP — SECRETARIA DE ESTADO DA SEGURANCA PUBLICA;;fora da abrangencia aprovada pelo titular (nacional + GO + Goiania): edital municipal de outra UF, cujo proponente precisa ter sede ou atuacao no municipio;manter no acervo historico, retirar da fila de verificacao ate que o titular amplie a abrangencia
a3be0a2e158d755f7e44;PR;PNCP — SECRETARIA DE ESTADO DA SEGURANCA PUBLICA;;fora da abrangencia aprovada pelo titular (nacional + GO + Goiania): edital municipal de outra UF, cujo proponente precisa ter sede ou atuacao no municipio;manter no acervo historico, retirar da fila de verificacao ate que o titular amplie a abrangencia
b35120b6cb1ce84ed0d6;PR;PNCP — SECRETARIA DE ESTADO DA SEGURANCA PUBLICA;;fora da abrangencia aprovada pelo titular (nacional + GO + Goiania): edital municipal de outra UF, cujo proponente precisa ter sede ou atuacao no municipio;manter no acervo historico, retirar da fila de verificacao ate que o titular amplie a abrangencia
d7977d9e266e84117b68;PR;PNCP — MUNICIPIO DE NOVA ESPERANCA;;fora da abrangencia aprovada pelo titular (nacional + GO + Goiania): edital municipal de outra UF, cujo proponente precisa ter sede ou atuacao no municipio;manter no acervo historico, retirar da fila de verificacao ate que o titular amplie a abrangencia
da827ae9c730da9298c2;PR;PNCP — SECRETARIA DE ESTADO DA SEGURANCA PUBLICA;;fora da abrangencia aprovada pelo titular (nacional + GO + Goiania): edital municipal de outra UF, cujo proponente precisa ter sede ou atuacao no municipio;manter no acervo historico, retirar da fila de verificacao ate que o titular amplie a abrangencia
e30fc0c0ea4d3db1b838;PR;PNCP — MUNICIPIO DE COLOMBO;;fora da abrangencia aprovada pelo titular (nacional + GO + Goiania): edital municipal de outra UF, cujo proponente precisa ter sede ou atuacao no municipio;manter no acervo historico, retirar da fila de verificacao ate que o titular amplie a abrangencia
ebbce9bdc663f46a863b;PR;PNCP — SECRETARIA DE ESTADO DA SEGURANCA PUBLICA;;fora da abrangencia aprovada pelo titular (nacional + GO + Goiania): edital municipal de outra UF, cujo proponente precisa ter sede ou atuacao no municipio;manter no acervo historico, retirar da fila de verificacao ate que o titular amplie a abrangencia
f82c5eda49168333e721;PR;PNCP — SECRETARIA DE ESTADO DA SEGURANCA PUBLICA;;fora da abrangencia aprovada pelo titular (nacional + GO + Goiania): edital municipal de outra UF, cujo proponente precisa ter sede ou atuacao no municipio;manter no acervo historico, retirar da fila de verificacao ate que o titular amplie a abrangencia
370a35b17408d622d9aa;PR;PNCP — MUNICIPIO DE LUIZIANA;;fora da abrangencia aprovada pelo titular (nacional + GO + Goiania): edital municipal de outra UF, cujo proponente precisa ter sede ou atuacao no municipio;manter no acervo historico, retirar da fila de verificacao ate que o titular amplie a abrangencia
81a7f79723fe650d4d68;PR;PNCP — MUNICIPIO DE GUAIRA;;fora da abrangencia aprovada pelo titular (nacional + GO + Goiania): edital municipal de outra UF, cujo proponente precisa ter sede ou atuacao no municipio;manter no acervo historico, retirar da fila de verificacao ate que o titular amplie a abrangencia
90540a1ed23e0ef1be9c;PR;PNCP — MUNICIPIO DE MARIOPOLIS;;fora da abrangencia aprovada pelo titular (nacional + GO + Goiania): edital municipal de outra UF, cujo proponente precisa ter sede ou atuacao no municipio;manter no acervo historico, retirar da fila de verificacao ate que o titular amplie a abrangencia
fb5227d30224aee62b5d;PR;PNCP — MUNICIPIO DE CAMPO MOURAO;;fora da abrangencia aprovada pelo titular (nacional + GO + Goiania): edital municipal de outra UF, cujo proponente precisa ter sede ou atuacao no municipio;manter no acervo historico, retirar da fila de verificacao ate que o titular amplie a abrangencia
c341e8487e2aede9b832;RJ;PNCP — COMANDO DA MARINHA;;fora da abrangencia aprovada pelo titular (nacional + GO + Goiania): edital municipal de outra UF, cujo proponente precisa ter sede ou atuacao no municipio;manter no acervo historico, retirar da fila de verificacao ate que o titular amplie a abrangencia
04c2f694055b97368cbf;RJ;PNCP — MUNICIPIO DE JAPERI;;fora da abrangencia aprovada pelo titular (nacional + GO + Goiania): edital municipal de outra UF, cujo proponente precisa ter sede ou atuacao no municipio;manter no acervo historico, retirar da fila de verificacao ate que o titular amplie a abrangencia
4e5bcf840dc7ce3ea6e2;RJ;PNCP — MUNICIPIO DE ARRAIAL DO CABO;;fora da abrangencia aprovada pelo titular (nacional + GO + Goiania): edital municipal de outra UF, cujo proponente precisa ter sede ou atuacao no municipio;manter no acervo historico, retirar da fila de verificacao ate que o titular amplie a abrangencia
ff227bbb17704f0973bb;RJ;PNCP — MUNICIPIO DE PINHEIRAL;;fora da abrangencia aprovada pelo titular (nacional + GO + Goiania): edital municipal de outra UF, cujo proponente precisa ter sede ou atuacao no municipio;manter no acervo historico, retirar da fila de verificacao ate que o titular amplie a abrangencia
5258a95ad63285f99b87;RJ;PNCP — INSTITUTO NACIONAL DA PROPRIEDADE INDUSTRIAL;;fora da abrangencia aprovada pelo titular (nacional + GO + Goiania): edital municipal de outra UF, cujo proponente precisa ter sede ou atuacao no municipio;manter no acervo historico, retirar da fila de verificacao ate que o titular amplie a abrangencia
2abadd217ee84f41ed61;RJ;PNCP — MUNICIPIO DE JAPERI;;fora da abrangencia aprovada pelo titular (nacional + GO + Goiania): edital municipal de outra UF, cujo proponente precisa ter sede ou atuacao no municipio;manter no acervo historico, retirar da fila de verificacao ate que o titular amplie a abrangencia
f87267f020a4bc74b664;RN;PNCP — MUNICIPIO DE LAGOA DE PEDRAS;;fora da abrangencia aprovada pelo titular (nacional + GO + Goiania): edital municipal de outra UF, cujo proponente precisa ter sede ou atuacao no municipio;manter no acervo historico, retirar da fila de verificacao ate que o titular amplie a abrangencia
2beebeda35753fca9ba4;RO;PNCP — MUNICIPIO DE VILHENA;;fora da abrangencia aprovada pelo titular (nacional + GO + Goiania): edital municipal de outra UF, cujo proponente precisa ter sede ou atuacao no municipio;manter no acervo historico, retirar da fila de verificacao ate que o titular amplie a abrangencia
3bede719aa233d8049b1;RO;PNCP — MUNICIPIO DE VILHENA;;fora da abrangencia aprovada pelo titular (nacional + GO + Goiania): edital municipal de outra UF, cujo proponente precisa ter sede ou atuacao no municipio;manter no acervo historico, retirar da fila de verificacao ate que o titular amplie a abrangencia
c84b4b6d14a24f587635;RO;PNCP — MUNICIPIO DE CACOAL;;fora da abrangencia aprovada pelo titular (nacional + GO + Goiania): edital municipal de outra UF, cujo proponente precisa ter sede ou atuacao no municipio;manter no acervo historico, retirar da fila de verificacao ate que o titular amplie a abrangencia
1eaba08f0097a3439216;RS;PNCP — MUNICIPIO DE NOVO HAMBURGO;;fora da abrangencia aprovada pelo titular (nacional + GO + Goiania): edital municipal de outra UF, cujo proponente precisa ter sede ou atuacao no municipio;manter no acervo historico, retirar da fila de verificacao ate que o titular amplie a abrangencia
279fd5164589758e182c;RS;PNCP — MUNICIPIO DE PASSO FUNDO;;fora da abrangencia aprovada pelo titular (nacional + GO + Goiania): edital municipal de outra UF, cujo proponente precisa ter sede ou atuacao no municipio;manter no acervo historico, retirar da fila de verificacao ate que o titular amplie a abrangencia
2e9711152378cd8aacd9;RS;PNCP — MUNICIPIO DE PASSO FUNDO;;fora da abrangencia aprovada pelo titular (nacional + GO + Goiania): edital municipal de outra UF, cujo proponente precisa ter sede ou atuacao no municipio;manter no acervo historico, retirar da fila de verificacao ate que o titular amplie a abrangencia
485139734f31774a1a97;RS;PNCP — MUNICIPIO DE LAGOA VERMELHA;;fora da abrangencia aprovada pelo titular (nacional + GO + Goiania): edital municipal de outra UF, cujo proponente precisa ter sede ou atuacao no municipio;manter no acervo historico, retirar da fila de verificacao ate que o titular amplie a abrangencia
50bee3d340f4506da550;RS;PNCP — MUNICIPIO DE PASSO FUNDO;;fora da abrangencia aprovada pelo titular (nacional + GO + Goiania): edital municipal de outra UF, cujo proponente precisa ter sede ou atuacao no municipio;manter no acervo historico, retirar da fila de verificacao ate que o titular amplie a abrangencia
80529ad515742473b8f5;RS;PNCP — MUNICIPIO DE NOVO HAMBURGO;;fora da abrangencia aprovada pelo titular (nacional + GO + Goiania): edital municipal de outra UF, cujo proponente precisa ter sede ou atuacao no municipio;manter no acervo historico, retirar da fila de verificacao ate que o titular amplie a abrangencia
996497acfed0b3158670;RS;PNCP — MUNICIPIO DE CARAZINHO;;fora da abrangencia aprovada pelo titular (nacional + GO + Goiania): edital municipal de outra UF, cujo proponente precisa ter sede ou atuacao no municipio;manter no acervo historico, retirar da fila de verificacao ate que o titular amplie a abrangencia
c42691378940f7689f60;RS;PNCP — MUNICIPIO DE BENTO GONCALVES;;fora da abrangencia aprovada pelo titular (nacional + GO + Goiania): edital municipal de outra UF, cujo proponente precisa ter sede ou atuacao no municipio;manter no acervo historico, retirar da fila de verificacao ate que o titular amplie a abrangencia
c83b139e8756aab2229f;RS;PNCP — MUNICIPIO DE BENTO GONCALVES;;fora da abrangencia aprovada pelo titular (nacional + GO + Goiania): edital municipal de outra UF, cujo proponente precisa ter sede ou atuacao no municipio;manter no acervo historico, retirar da fila de verificacao ate que o titular amplie a abrangencia
dcb954069dd462c887e4;RS;PNCP — MUNICIPIO DE NOVO HAMBURGO;;fora da abrangencia aprovada pelo titular (nacional + GO + Goiania): edital municipal de outra UF, cujo proponente precisa ter sede ou atuacao no municipio;manter no acervo historico, retirar da fila de verificacao ate que o titular amplie a abrangencia
e372219db856c7729beb;RS;PNCP — MUNICIPIO DE SAPIRANGA;;fora da abrangencia aprovada pelo titular (nacional + GO + Goiania): edital municipal de outra UF, cujo proponente precisa ter sede ou atuacao no municipio;manter no acervo historico, retirar da fila de verificacao ate que o titular amplie a abrangencia
fe6d577d2a1fd4c103a2;RS;PNCP — MUNICIPIO DE NOVO HAMBURGO;;fora da abrangencia aprovada pelo titular (nacional + GO + Goiania): edital municipal de outra UF, cujo proponente precisa ter sede ou atuacao no municipio;manter no acervo historico, retirar da fila de verificacao ate que o titular amplie a abrangencia
faec894c6ef6362b7f2a;RS;PNCP — MUNICIPIO DE LAGOA VERMELHA;;fora da abrangencia aprovada pelo titular (nacional + GO + Goiania): edital municipal de outra UF, cujo proponente precisa ter sede ou atuacao no municipio;manter no acervo historico, retirar da fila de verificacao ate que o titular amplie a abrangencia
3a87d7ba457d99a817a9;RS;PNCP — MUNICIPIO DE DOIS IRMAOS;;fora da abrangencia aprovada pelo titular (nacional + GO + Goiania): edital municipal de outra UF, cujo proponente precisa ter sede ou atuacao no municipio;manter no acervo historico, retirar da fila de verificacao ate que o titular amplie a abrangencia
3ffb0b79e795dad81d1f;RS;PNCP — MUNICIPIO DE LAGOA VERMELHA;;fora da abrangencia aprovada pelo titular (nacional + GO + Goiania): edital municipal de outra UF, cujo proponente precisa ter sede ou atuacao no municipio;manter no acervo historico, retirar da fila de verificacao ate que o titular amplie a abrangencia
a902f9b63006946ca43e;RS;PNCP — MUNICIPIO DE LAGOA VERMELHA;;fora da abrangencia aprovada pelo titular (nacional + GO + Goiania): edital municipal de outra UF, cujo proponente precisa ter sede ou atuacao no municipio;manter no acervo historico, retirar da fila de verificacao ate que o titular amplie a abrangencia
cb51e96b5bf56bd13578;RS;PNCP — MUNICIPIO DE PASSO FUNDO;;fora da abrangencia aprovada pelo titular (nacional + GO + Goiania): edital municipal de outra UF, cujo proponente precisa ter sede ou atuacao no municipio;manter no acervo historico, retirar da fila de verificacao ate que o titular amplie a abrangencia
e177587a928805d87bee;RS;PNCP — FUNDACAO CASA DAS ARTES DE BENTO GONCALVES;;fora da abrangencia aprovada pelo titular (nacional + GO + Goiania): edital municipal de outra UF, cujo proponente precisa ter sede ou atuacao no municipio;manter no acervo historico, retirar da fila de verificacao ate que o titular amplie a abrangencia
40f2d99588e2fd64b352;RS;PNCP — MUNICIPIO DE LAGOA VERMELHA;;fora da abrangencia aprovada pelo titular (nacional + GO + Goiania): edital municipal de outra UF, cujo proponente precisa ter sede ou atuacao no municipio;manter no acervo historico, retirar da fila de verificacao ate que o titular amplie a abrangencia
e2393262c2615ecd35f0;RS;PNCP — MUNICIPIO DO RIO GRANDE;;fora da abrangencia aprovada pelo titular (nacional + GO + Goiania): edital municipal de outra UF, cujo proponente precisa ter sede ou atuacao no municipio;manter no acervo historico, retirar da fila de verificacao ate que o titular amplie a abrangencia
2a117bef388182e6cf5b;RS;PNCP — MUNICIPIO DE LAGOA VERMELHA;;fora da abrangencia aprovada pelo titular (nacional + GO + Goiania): edital municipal de outra UF, cujo proponente precisa ter sede ou atuacao no municipio;manter no acervo historico, retirar da fila de verificacao ate que o titular amplie a abrangencia
196d0569cd32c3ab9ee7;SC;PNCP — MUNICIPIO DE XANXERE;;fora da abrangencia aprovada pelo titular (nacional + GO + Goiania): edital municipal de outra UF, cujo proponente precisa ter sede ou atuacao no municipio;manter no acervo historico, retirar da fila de verificacao ate que o titular amplie a abrangencia
3c0a31bb47491a54b1b8;SC;PNCP — MUNICIPIO DE PRESIDENTE GETULIO;;fora da abrangencia aprovada pelo titular (nacional + GO + Goiania): edital municipal de outra UF, cujo proponente precisa ter sede ou atuacao no municipio;manter no acervo historico, retirar da fila de verificacao ate que o titular amplie a abrangencia
49373ee8da52fa1ed6a0;SC;PNCP — MUNICIPIO DE PLANALTO ALEGRE;;fora da abrangencia aprovada pelo titular (nacional + GO + Goiania): edital municipal de outra UF, cujo proponente precisa ter sede ou atuacao no municipio;manter no acervo historico, retirar da fila de verificacao ate que o titular amplie a abrangencia
6b796839bffa7cf14fdc;SC;PNCP — FUNDACAO MUNICIPAL DE ESPORTES;;fora da abrangencia aprovada pelo titular (nacional + GO + Goiania): edital municipal de outra UF, cujo proponente precisa ter sede ou atuacao no municipio;manter no acervo historico, retirar da fila de verificacao ate que o titular amplie a abrangencia
725f30918246f1fd725a;SC;PNCP — MUNICIPIO DE XANXERE;;fora da abrangencia aprovada pelo titular (nacional + GO + Goiania): edital municipal de outra UF, cujo proponente precisa ter sede ou atuacao no municipio;manter no acervo historico, retirar da fila de verificacao ate que o titular amplie a abrangencia
9690b9db02872397b25b;SC;PNCP — FUNDO MUNICIPAL DE ASSISTENCIA SOCIAL DE CHAPECO;;fora da abrangencia aprovada pelo titular (nacional + GO + Goiania): edital municipal de outra UF, cujo proponente precisa ter sede ou atuacao no municipio;manter no acervo historico, retirar da fila de verificacao ate que o titular amplie a abrangencia
a3a4a2e7cd93136bd1df;SC;PNCP — MUNICIPIO DE BOM RETIRO;;fora da abrangencia aprovada pelo titular (nacional + GO + Goiania): edital municipal de outra UF, cujo proponente precisa ter sede ou atuacao no municipio;manter no acervo historico, retirar da fila de verificacao ate que o titular amplie a abrangencia
a71d80ef1339e87b7a93;SC;PNCP — MUNICIPIO DE RIO DOS CEDROS;;fora da abrangencia aprovada pelo titular (nacional + GO + Goiania): edital municipal de outra UF, cujo proponente precisa ter sede ou atuacao no municipio;manter no acervo historico, retirar da fila de verificacao ate que o titular amplie a abrangencia
b12e2d496ccd63d4d735;SC;PNCP — MUNICIPIO DE AGUAS DE CHAPECO;;fora da abrangencia aprovada pelo titular (nacional + GO + Goiania): edital municipal de outra UF, cujo proponente precisa ter sede ou atuacao no municipio;manter no acervo historico, retirar da fila de verificacao ate que o titular amplie a abrangencia
e1fcd6d682202716726d;SC;PNCP — MUNICIPIO DE RIO DO SUL;;fora da abrangencia aprovada pelo titular (nacional + GO + Goiania): edital municipal de outra UF, cujo proponente precisa ter sede ou atuacao no municipio;manter no acervo historico, retirar da fila de verificacao ate que o titular amplie a abrangencia
e67942d24ca18fb9e97d;SC;PNCP — MUNICIPIO DE MIRIM DOCE;;fora da abrangencia aprovada pelo titular (nacional + GO + Goiania): edital municipal de outra UF, cujo proponente precisa ter sede ou atuacao no municipio;manter no acervo historico, retirar da fila de verificacao ate que o titular amplie a abrangencia
2b0e9fec159aa3a541d4;SC;PNCP — MUNICIPIO DE BOM RETIRO;;fora da abrangencia aprovada pelo titular (nacional + GO + Goiania): edital municipal de outra UF, cujo proponente precisa ter sede ou atuacao no municipio;manter no acervo historico, retirar da fila de verificacao ate que o titular amplie a abrangencia
2d4d4892791169ab7da0;SC;PNCP — FUNDO MUNICIPAL DE EDUCACAO DE BALNEARIO PICARRAS;;fora da abrangencia aprovada pelo titular (nacional + GO + Goiania): edital municipal de outra UF, cujo proponente precisa ter sede ou atuacao no municipio;manter no acervo historico, retirar da fila de verificacao ate que o titular amplie a abrangencia
538a6f6a4ffa32760e51;SC;PNCP — MUNICIPIO DE ANITA GARIBALDI;;fora da abrangencia aprovada pelo titular (nacional + GO + Goiania): edital municipal de outra UF, cujo proponente precisa ter sede ou atuacao no municipio;manter no acervo historico, retirar da fila de verificacao ate que o titular amplie a abrangencia
5563874a262e34ab61b1;SC;PNCP — MUNICIPIO DE BOM RETIRO;;fora da abrangencia aprovada pelo titular (nacional + GO + Goiania): edital municipal de outra UF, cujo proponente precisa ter sede ou atuacao no municipio;manter no acervo historico, retirar da fila de verificacao ate que o titular amplie a abrangencia
985081b8a9c67099babc;SC;PNCP — FUNDO MUNICIPAL DE ASSISTENCIA SOCIAL DE GUARAMIRIM;;fora da abrangencia aprovada pelo titular (nacional + GO + Goiania): edital municipal de outra UF, cujo proponente precisa ter sede ou atuacao no municipio;manter no acervo historico, retirar da fila de verificacao ate que o titular amplie a abrangencia
ad41e0809cc1751cbaf2;SC;PNCP — MUNICIPIO DE ITAPIRANGA;;fora da abrangencia aprovada pelo titular (nacional + GO + Goiania): edital municipal de outra UF, cujo proponente precisa ter sede ou atuacao no municipio;manter no acervo historico, retirar da fila de verificacao ate que o titular amplie a abrangencia
b0884efdbf5dd90bca2e;SC;PNCP — MUNICIPIO DE BOM RETIRO;;fora da abrangencia aprovada pelo titular (nacional + GO + Goiania): edital municipal de outra UF, cujo proponente precisa ter sede ou atuacao no municipio;manter no acervo historico, retirar da fila de verificacao ate que o titular amplie a abrangencia
c71ffc4b4e82d2721b56;SC;PNCP — MUNICIPIO DE BOM RETIRO;;fora da abrangencia aprovada pelo titular (nacional + GO + Goiania): edital municipal de outra UF, cujo proponente precisa ter sede ou atuacao no municipio;manter no acervo historico, retirar da fila de verificacao ate que o titular amplie a abrangencia
c880482f3bfbf9cfd08d;SC;PNCP — FUNDO MUNICIPAL DOS DIREITOS DA CRIANCA E DO ADOLESCENTE;;fora da abrangencia aprovada pelo titular (nacional + GO + Goiania): edital municipal de outra UF, cujo proponente precisa ter sede ou atuacao no municipio;manter no acervo historico, retirar da fila de verificacao ate que o titular amplie a abrangencia
d846d4f3f8182523fe7a;SC;PNCP — MUNICIPIO DE BALNEARIO ARROIO DO SILVA;;fora da abrangencia aprovada pelo titular (nacional + GO + Goiania): edital municipal de outra UF, cujo proponente precisa ter sede ou atuacao no municipio;manter no acervo historico, retirar da fila de verificacao ate que o titular amplie a abrangencia
f2dda4cf62c2b84fa31c;SC;PNCP — MUNICIPIO DE ITAPIRANGA;;fora da abrangencia aprovada pelo titular (nacional + GO + Goiania): edital municipal de outra UF, cujo proponente precisa ter sede ou atuacao no municipio;manter no acervo historico, retirar da fila de verificacao ate que o titular amplie a abrangencia
fbb18ea26696940996fa;SC;PNCP — MUNICIPIO DE BOM RETIRO;;fora da abrangencia aprovada pelo titular (nacional + GO + Goiania): edital municipal de outra UF, cujo proponente precisa ter sede ou atuacao no municipio;manter no acervo historico, retirar da fila de verificacao ate que o titular amplie a abrangencia
39ec7ccb79d202f3fd8c;SC;PNCP — FUNDACAO MUNICIPAL DE ESPORTES;;fora da abrangencia aprovada pelo titular (nacional + GO + Goiania): edital municipal de outra UF, cujo proponente precisa ter sede ou atuacao no municipio;manter no acervo historico, retirar da fila de verificacao ate que o titular amplie a abrangencia
7ceddee555475ff5bb40;SC;PNCP — FUNDACAO MUNICIPAL DE ESPORTES;;fora da abrangencia aprovada pelo titular (nacional + GO + Goiania): edital municipal de outra UF, cujo proponente precisa ter sede ou atuacao no municipio;manter no acervo historico, retirar da fila de verificacao ate que o titular amplie a abrangencia
912814ad1948d6301e60;SC;PNCP — MUNICIPIO DE IRINEOPOLIS;;fora da abrangencia aprovada pelo titular (nacional + GO + Goiania): edital municipal de outra UF, cujo proponente precisa ter sede ou atuacao no municipio;manter no acervo historico, retirar da fila de verificacao ate que o titular amplie a abrangencia
98f9a69f21f7a9c94adb;SC;PNCP — FUNDACAO MUNICIPAL DE ESPORTES;;fora da abrangencia aprovada pelo titular (nacional + GO + Goiania): edital municipal de outra UF, cujo proponente precisa ter sede ou atuacao no municipio;manter no acervo historico, retirar da fila de verificacao ate que o titular amplie a abrangencia
d3030fab3b9dc994dd70;SC;PNCP — FUNDO MUNICIPAL SAUDE ANITA GARIBALDI;;fora da abrangencia aprovada pelo titular (nacional + GO + Goiania): edital municipal de outra UF, cujo proponente precisa ter sede ou atuacao no municipio;manter no acervo historico, retirar da fila de verificacao ate que o titular amplie a abrangencia
25db95b72f2bc4936c8a;SC;PNCP — MUNICIPIO DE ANITA GARIBALDI;;fora da abrangencia aprovada pelo titular (nacional + GO + Goiania): edital municipal de outra UF, cujo proponente precisa ter sede ou atuacao no municipio;manter no acervo historico, retirar da fila de verificacao ate que o titular amplie a abrangencia
725e2f078a3ed7893e67;SC;PNCP — MUNICIPIO DE ANITA GARIBALDI;;fora da abrangencia aprovada pelo titular (nacional + GO + Goiania): edital municipal de outra UF, cujo proponente precisa ter sede ou atuacao no municipio;manter no acervo historico, retirar da fila de verificacao ate que o titular amplie a abrangencia
770f8bdbb834f8114922;SC;PNCP — FUNDO MUNICIPAL SAUDE ANITA GARIBALDI;;fora da abrangencia aprovada pelo titular (nacional + GO + Goiania): edital municipal de outra UF, cujo proponente precisa ter sede ou atuacao no municipio;manter no acervo historico, retirar da fila de verificacao ate que o titular amplie a abrangencia
f338e2b684d5a947a32c;SC;PNCP — FUNDO MUNICIPAL SAUDE ANITA GARIBALDI;;fora da abrangencia aprovada pelo titular (nacional + GO + Goiania): edital municipal de outra UF, cujo proponente precisa ter sede ou atuacao no municipio;manter no acervo historico, retirar da fila de verificacao ate que o titular amplie a abrangencia
d6d7c11b64f398ad3612;SE;PNCP — MUNICIPIO DE NOSSA SENHORA DO SOCORRO;;fora da abrangencia aprovada pelo titular (nacional + GO + Goiania): edital municipal de outra UF, cujo proponente precisa ter sede ou atuacao no municipio;manter no acervo historico, retirar da fila de verificacao ate que o titular amplie a abrangencia
376797a4a12712fd398d;SE;PNCP — MUNICIPIO DE ARACAJU;;fora da abrangencia aprovada pelo titular (nacional + GO + Goiania): edital municipal de outra UF, cujo proponente precisa ter sede ou atuacao no municipio;manter no acervo historico, retirar da fila de verificacao ate que o titular amplie a abrangencia
0aeca17ad40153d72098;SP;PNCP — MUNICIPIO DE ARUJA;;fora da abrangencia aprovada pelo titular (nacional + GO + Goiania): edital municipal de outra UF, cujo proponente precisa ter sede ou atuacao no municipio;manter no acervo historico, retirar da fila de verificacao ate que o titular amplie a abrangencia
4a7d9b045e01597976d7;SP;PNCP — MUNICIPIO DE SAO CARLOS;;fora da abrangencia aprovada pelo titular (nacional + GO + Goiania): edital municipal de outra UF, cujo proponente precisa ter sede ou atuacao no municipio;manter no acervo historico, retirar da fila de verificacao ate que o titular amplie a abrangencia
4cb4007f3cb377686f37;SP;PNCP — MUNICIPIO DE SAO CARLOS;;fora da abrangencia aprovada pelo titular (nacional + GO + Goiania): edital municipal de outra UF, cujo proponente precisa ter sede ou atuacao no municipio;manter no acervo historico, retirar da fila de verificacao ate que o titular amplie a abrangencia
6616a1bdba8d47fb8a9f;SP;PNCP — MUNICIPIO DE SAO CARLOS;;fora da abrangencia aprovada pelo titular (nacional + GO + Goiania): edital municipal de outra UF, cujo proponente precisa ter sede ou atuacao no municipio;manter no acervo historico, retirar da fila de verificacao ate que o titular amplie a abrangencia
6796acfe267016e7689d;SP;PNCP — MUNICIPIO DE INDAIATUBA;;fora da abrangencia aprovada pelo titular (nacional + GO + Goiania): edital municipal de outra UF, cujo proponente precisa ter sede ou atuacao no municipio;manter no acervo historico, retirar da fila de verificacao ate que o titular amplie a abrangencia
67da99c363adbbce4d00;SP;PNCP — MUNICIPIO DE SAO CARLOS;;fora da abrangencia aprovada pelo titular (nacional + GO + Goiania): edital municipal de outra UF, cujo proponente precisa ter sede ou atuacao no municipio;manter no acervo historico, retirar da fila de verificacao ate que o titular amplie a abrangencia
7b3588e09fc80aea4a7d;SP;PNCP — MUNICIPIO DE SAO CARLOS;;fora da abrangencia aprovada pelo titular (nacional + GO + Goiania): edital municipal de outra UF, cujo proponente precisa ter sede ou atuacao no municipio;manter no acervo historico, retirar da fila de verificacao ate que o titular amplie a abrangencia
93b289eebfbf7885cbfa;SP;PNCP — MUNICIPIO DE INDAIATUBA;;fora da abrangencia aprovada pelo titular (nacional + GO + Goiania): edital municipal de outra UF, cujo proponente precisa ter sede ou atuacao no municipio;manter no acervo historico, retirar da fila de verificacao ate que o titular amplie a abrangencia
95888ca3f2ff49ada9b4;SP;PNCP — MUNICIPIO DE POTIM;;fora da abrangencia aprovada pelo titular (nacional + GO + Goiania): edital municipal de outra UF, cujo proponente precisa ter sede ou atuacao no municipio;manter no acervo historico, retirar da fila de verificacao ate que o titular amplie a abrangencia
a05a1fc4d54dee02d624;SP;PNCP — MUNICIPIO DE NOVO HORIZONTE;;fora da abrangencia aprovada pelo titular (nacional + GO + Goiania): edital municipal de outra UF, cujo proponente precisa ter sede ou atuacao no municipio;manter no acervo historico, retirar da fila de verificacao ate que o titular amplie a abrangencia
aa9366fa9ddcbbd6d421;SP;PNCP — MUNICIPIO DE IRACEMAPOLIS;;fora da abrangencia aprovada pelo titular (nacional + GO + Goiania): edital municipal de outra UF, cujo proponente precisa ter sede ou atuacao no municipio;manter no acervo historico, retirar da fila de verificacao ate que o titular amplie a abrangencia
b11e3c03d0c1f27a3e84;SP;PNCP — MUNICIPIO DE SAO CARLOS;;fora da abrangencia aprovada pelo titular (nacional + GO + Goiania): edital municipal de outra UF, cujo proponente precisa ter sede ou atuacao no municipio;manter no acervo historico, retirar da fila de verificacao ate que o titular amplie a abrangencia
b1ae48b981558670d3b6;SP;PNCP — MUNICIPIO DE SAO JOSE DO RIO PRETO;;fora da abrangencia aprovada pelo titular (nacional + GO + Goiania): edital municipal de outra UF, cujo proponente precisa ter sede ou atuacao no municipio;manter no acervo historico, retirar da fila de verificacao ate que o titular amplie a abrangencia
b49b8f6ea19527980e88;SP;PNCP — MUNICIPIO DE ITATINGA;;fora da abrangencia aprovada pelo titular (nacional + GO + Goiania): edital municipal de outra UF, cujo proponente precisa ter sede ou atuacao no municipio;manter no acervo historico, retirar da fila de verificacao ate que o titular amplie a abrangencia
beacfe3d5cdc9fbdb2c5;SP;PNCP — MUNICIPIO DE SAO CARLOS;;fora da abrangencia aprovada pelo titular (nacional + GO + Goiania): edital municipal de outra UF, cujo proponente precisa ter sede ou atuacao no municipio;manter no acervo historico, retirar da fila de verificacao ate que o titular amplie a abrangencia
c88fa3d1061327a1b421;SP;PNCP — MUNICIPIO DE SAO CARLOS;;fora da abrangencia aprovada pelo titular (nacional + GO + Goiania): edital municipal de outra UF, cujo proponente precisa ter sede ou atuacao no municipio;manter no acervo historico, retirar da fila de verificacao ate que o titular amplie a abrangencia
d745ecf4c07740d46779;SP;PNCP — MUNICIPIO DE ARARAS;;fora da abrangencia aprovada pelo titular (nacional + GO + Goiania): edital municipal de outra UF, cujo proponente precisa ter sede ou atuacao no municipio;manter no acervo historico, retirar da fila de verificacao ate que o titular amplie a abrangencia
e8df77e31a73d7557c2f;SP;PNCP — MUNICIPIO DE SAO JOSE DO RIO PRETO;;fora da abrangencia aprovada pelo titular (nacional + GO + Goiania): edital municipal de outra UF, cujo proponente precisa ter sede ou atuacao no municipio;manter no acervo historico, retirar da fila de verificacao ate que o titular amplie a abrangencia
f07da31c0e90c5f69c0d;SP;PNCP — MUNICIPIO DE SANTA BRANCA;;fora da abrangencia aprovada pelo titular (nacional + GO + Goiania): edital municipal de outra UF, cujo proponente precisa ter sede ou atuacao no municipio;manter no acervo historico, retirar da fila de verificacao ate que o titular amplie a abrangencia
061c84c4adec9779e832;SP;PNCP — MUNICIPIO DE SAO CARLOS;;fora da abrangencia aprovada pelo titular (nacional + GO + Goiania): edital municipal de outra UF, cujo proponente precisa ter sede ou atuacao no municipio;manter no acervo historico, retirar da fila de verificacao ate que o titular amplie a abrangencia
2353bf2c30e124bc1040;SP;PNCP — MUNICIPIO DE SAO CARLOS;;fora da abrangencia aprovada pelo titular (nacional + GO + Goiania): edital municipal de outra UF, cujo proponente precisa ter sede ou atuacao no municipio;manter no acervo historico, retirar da fila de verificacao ate que o titular amplie a abrangencia
28e30a34a58ff70a9880;SP;PNCP — MUNICIPIO DE SAO CARLOS;;fora da abrangencia aprovada pelo titular (nacional + GO + Goiania): edital municipal de outra UF, cujo proponente precisa ter sede ou atuacao no municipio;manter no acervo historico, retirar da fila de verificacao ate que o titular amplie a abrangencia
2e5e89f252308a16598d;SP;PNCP — MUNICIPIO DE SAO CARLOS;;fora da abrangencia aprovada pelo titular (nacional + GO + Goiania): edital municipal de outra UF, cujo proponente precisa ter sede ou atuacao no municipio;manter no acervo historico, retirar da fila de verificacao ate que o titular amplie a abrangencia
446468bf9857a690709e;SP;PNCP — MUNICIPIO DE SAO CARLOS;;fora da abrangencia aprovada pelo titular (nacional + GO + Goiania): edital municipal de outra UF, cujo proponente precisa ter sede ou atuacao no municipio;manter no acervo historico, retirar da fila de verificacao ate que o titular amplie a abrangencia
4495a03ac36d071450b8;SP;PNCP — MUNICIPIO DE SAO CARLOS;;fora da abrangencia aprovada pelo titular (nacional + GO + Goiania): edital municipal de outra UF, cujo proponente precisa ter sede ou atuacao no municipio;manter no acervo historico, retirar da fila de verificacao ate que o titular amplie a abrangencia
450ddcf374944d6c8e89;SP;PNCP — MUNICIPIO DE SAO CARLOS;;fora da abrangencia aprovada pelo titular (nacional + GO + Goiania): edital municipal de outra UF, cujo proponente precisa ter sede ou atuacao no municipio;manter no acervo historico, retirar da fila de verificacao ate que o titular amplie a abrangencia
5aa4642e09b073f7b903;SP;PNCP — MUNICIPIO DE SAO CARLOS;;fora da abrangencia aprovada pelo titular (nacional + GO + Goiania): edital municipal de outra UF, cujo proponente precisa ter sede ou atuacao no municipio;manter no acervo historico, retirar da fila de verificacao ate que o titular amplie a abrangencia
6a8ff07d3833c18fa7b3;SP;PNCP — MUNICIPIO DE SAO CARLOS;;fora da abrangencia aprovada pelo titular (nacional + GO + Goiania): edital municipal de outra UF, cujo proponente precisa ter sede ou atuacao no municipio;manter no acervo historico, retirar da fila de verificacao ate que o titular amplie a abrangencia
7b049e95eb5ff355dd4a;SP;PNCP — MUNICIPIO DE SAO CARLOS;;fora da abrangencia aprovada pelo titular (nacional + GO + Goiania): edital municipal de outra UF, cujo proponente precisa ter sede ou atuacao no municipio;manter no acervo historico, retirar da fila de verificacao ate que o titular amplie a abrangencia
9d782e83c94f1076847c;SP;PNCP — MUNICIPIO DE SAO CARLOS;;fora da abrangencia aprovada pelo titular (nacional + GO + Goiania): edital municipal de outra UF, cujo proponente precisa ter sede ou atuacao no municipio;manter no acervo historico, retirar da fila de verificacao ate que o titular amplie a abrangencia
b5eb9cc516cb8acb39c5;SP;PNCP — MUNICIPIO DE SAO CARLOS;;fora da abrangencia aprovada pelo titular (nacional + GO + Goiania): edital municipal de outra UF, cujo proponente precisa ter sede ou atuacao no municipio;manter no acervo historico, retirar da fila de verificacao ate que o titular amplie a abrangencia
b6b640f9a98dab4b10ac;SP;PNCP — MUNICIPIO DE CAMPO LIMPO PAULISTA;;fora da abrangencia aprovada pelo titular (nacional + GO + Goiania): edital municipal de outra UF, cujo proponente precisa ter sede ou atuacao no municipio;manter no acervo historico, retirar da fila de verificacao ate que o titular amplie a abrangencia
dbf84cce380480269fd6;SP;PNCP — MUNICIPIO DE SAO CARLOS;;fora da abrangencia aprovada pelo titular (nacional + GO + Goiania): edital municipal de outra UF, cujo proponente precisa ter sede ou atuacao no municipio;manter no acervo historico, retirar da fila de verificacao ate que o titular amplie a abrangencia
f7c8c38e7d917f249a2a;SP;PNCP — MUNICIPIO DE SAO CARLOS;;fora da abrangencia aprovada pelo titular (nacional + GO + Goiania): edital municipal de outra UF, cujo proponente precisa ter sede ou atuacao no municipio;manter no acervo historico, retirar da fila de verificacao ate que o titular amplie a abrangencia
b810b6141c26073ccf8f;SP;PNCP — MUNICIPIO DE INDAIATUBA;;fora da abrangencia aprovada pelo titular (nacional + GO + Goiania): edital municipal de outra UF, cujo proponente precisa ter sede ou atuacao no municipio;manter no acervo historico, retirar da fila de verificacao ate que o titular amplie a abrangencia
