id;livro;veredito;reclassificar_geo;edicoes;anos;n_itens_pendentes;itens_pendentes
captacao-245;USAID — grants globais;pendente;;0;;0;
captacao-246;União Europeia — Erasmus+;pendente;;0;;0;
op-a1a803e05f4b;Criança Esperança — Edital UNESCO (apoio em 2028);pendente;;1;2026;0;
captacao-240;UNESCO — Fundo Internacional para a Diversidade Cultural (IFCD);pendente;;3;2024 2025 2026;1;"Prazo de recurso: dispensa só provável (fundo multilateral da UNESCO: decisão do Comitê Intergovernamental é final; não há fase de recurso previsível nas diretrizes); falta a regra no documento oficial"
captacao-242;"PNUD — Small Grants Programme (mesmo programa; ver captacao-256)";pendente;;2;2025 2026;1;"Prazo de recurso: página oficial lida e o item não consta; procurar em anexo/regulamento"
captacao-256;GEF Small Grants Programme (SGP) no Brasil — Fundo Ecos / ISPN;pendente;;2;2025 2026;1;"Prazo de recurso: página oficial lida e o item não consta; procurar em anexo/regulamento"
nova-d9551be7f363;Google para organizações sem fins lucrativos;pendente;;0;;1;"Valor: dispensa só provável (benefícios em produtos (Ad Grants até US$10 mil/mês segundo material de terceiro; não confirmado na página oficial lida)); falta a regra no documento oficial"
op-606bca20bb69;Résidences Institut français × Cité internationale des arts (Paris);pendente;;4;2023 2024 2025 2026;1;"Prazo de recurso: página oficial lida e o item não consta; procurar em anexo/regulamento"
op-90b04093eff9;ONU/ACNUDH — Fundo Voluntário para Formas Contemporâneas de Escravidão (chamada anual);pendente;;0;;1;"Prazo de recurso: dispensa só provável (o ciclo de subsídios publicado não prevê fase de recurso; é fundo fiduciário da ONU com decisão do Conselho de Curadores); falta a regra no documento oficial"
captacao-253;Microsoft para organizações sem fins lucrativos (subsídios e descontos);pendente;;0;;2;"Prazo de inscrição: dispensa só provável (cadastro contínuo); falta a regra no documento oficial | Valor: página oficial lida e o item não consta; procurar em anexo/regulamento"
nova-a1009b5f388c;Google Ad Grants — matéria de blog (fonte secundária);pendente;;0;;2;"Objeto: dispensa só provável (a fonte catalogada é blog de terceiros, não oficial; o programa oficial está em nova-d9551be7f363); falta a regra no documento oficial | Valor: página oficial lida e o item não consta; procurar em anexo/regulamento"
captacao-244;BID Lab (Laboratório de Inovação do BID);pendente;;0;;3;"Prazo de inscrição: dispensa só provável (Open Call em fluxo contínuo via formulário, sem prazo); falta a regra no documento oficial | Resultado: página oficial lida e o item não consta; procurar em anexo/regulamento | Prazo de recurso: dispensa só provável (regime de fundação privada sem edital: não há fase recursal formal); falta a regra no documento oficial"
captacao-254;Global Fund for Women;pendente;;0;;3;"Prazo de recurso: dispensa só provável (regime de fundação privada sem edital: não há fase recursal formal); falta a regra no documento oficial | Valor: página oficial lida e o item não consta; procurar em anexo/regulamento | Anexos: dispensa só provável (sem anexos); falta a regra no documento oficial"
captacao-260;Oak Foundation;pendente;;0;;3;"Prazo de inscrição: dispensa só provável (fluxo contínuo (Letter of Enquiry), sem prazo fixo na página lida); falta a regra no documento oficial | Prazo de recurso: dispensa só provável (regime de fundação privada sem edital: não há fase recursal formal); falta a regra no documento oficial | Território: página oficial lida e o item não consta; procurar em anexo/regulamento"
captacao-255;Climate Justice Resilience Fund;pendente;;1;2024;4;"Prazo de inscrição: dispensa só provável (não há chamada aberta nas páginas lidas; edição 2024 foi lançada em abril/2024 (leitura anterior, sem data de encerramento)); falta a regra no documento oficial | Prazo de recurso: dispensa só provável (regime de fundação privada sem edital: não há fase recursal formal); falta a regra no documento oficial | Valor: página oficial lida e o item não consta; procurar em anexo/regulamento | Anexos: página oficial lida e o item não consta; procurar em anexo/regulamento"
captacao-259;Echoing Green;pendente;;0;;4;"Resultado: página oficial lida e o item não consta; procurar em anexo/regulamento | Prazo de recurso: dispensa só provável (regime de fundação privada sem edital: não há fase recursal formal); falta a regra no documento oficial | Valor: página oficial lida e o item não consta; procurar em anexo/regulamento | Destinação: página oficial lida e o item não consta; procurar em anexo/regulamento"
captacao-241;UNICEF — parcerias com OSC;pendente;;0;;5;"Resultado: página oficial lida e o item não consta; procurar em anexo/regulamento | Prazo de recurso: página oficial lida e o item não consta; procurar em anexo/regulamento | Valor: página oficial lida e o item não consta; procurar em anexo/regulamento | Anexos: página oficial lida e o item não consta; procurar em anexo/regulamento | Área de atuação: página oficial lida e o item não consta; procurar em anexo/regulamento"
captacao-247;União Europeia — EuropeAid / International Partnerships;pendente;;0;;5;"Prazo de inscrição: página oficial lida e o item não consta; procurar em anexo/regulamento | Resultado: página oficial lida e o item não consta; procurar em anexo/regulamento | Prazo de recurso: página oficial lida e o item não consta; procurar em anexo/regulamento | Valor: página oficial lida e o item não consta; procurar em anexo/regulamento | Área de atuação: página oficial lida e o item não consta; procurar em anexo/regulamento"
captacao-250;Gates Foundation;pendente;;0;;5;"Resultado: dispensa só provável (depende de cada RFP; não há calendário geral); falta a regra no documento oficial | Prazo de recurso: dispensa só provável (regime de fundação privada sem edital: não há fase recursal formal); falta a regra no documento oficial | Valor: página oficial lida e o item não consta; procurar em anexo/regulamento | Anexos: dispensa só provável (sem anexos gerais; cada RFP traz os seus); falta a regra no documento oficial | Destinação: página oficial lida e o item não consta; procurar em anexo/regulamento"
captacao-257;Rockefeller Foundation;pendente;;0;;5;"Prazo de recurso: dispensa só provável (regime de fundação privada sem edital: não há fase recursal formal); falta a regra no documento oficial | Valor: página oficial lida e o item não consta; procurar em anexo/regulamento | Território: página oficial lida e o item não consta; procurar em anexo/regulamento | Anexos: dispensa só provável (sem anexos); falta a regra no documento oficial | Destinação: página oficial lida e o item não consta; procurar em anexo/regulamento"
captacao-249;Ford Foundation;pendente;;0;;6;"Prazo de inscrição: dispensa só provável (não há prazo geral; só as poucas oportunidades listadas abrem submissão sob condições (JustFilms: submissões fechadas na leitura)); falta a regra no documento oficial | Resultado: dispensa só provável (sem calendário geral; cada programa tem processo próprio); falta a regra no documento oficial | Prazo de recurso: dispensa só provável (regime de fundação privada sem edital: não há fase recursal formal); falta a regra no documento oficial | Valor: página oficial lida e o item não consta; procurar em anexo/regulamento | Anexos: dispensa só provável (sem "
captacao-258;Skoll Foundation;pendente;;0;;6;"Resultado: página oficial lida e o item não consta; procurar em anexo/regulamento | Prazo de recurso: dispensa só provável (regime de fundação privada sem edital: não há fase recursal formal); falta a regra no documento oficial | Valor: página oficial lida e o item não consta; procurar em anexo/regulamento | Território: página oficial lida e o item não consta; procurar em anexo/regulamento | Anexos: página oficial lida e o item não consta; procurar em anexo/regulamento | Destinação: página oficial lida e o item não consta; procurar em anexo/regulamento"
captacao-248;Open Society Foundations;pendente;;0;;7;"Resultado: página oficial lida e o item não consta; procurar em anexo/regulamento | Prazo de recurso: dispensa só provável (regime de fundação privada sem edital: não há fase recursal formal); falta a regra no documento oficial | Valor: página oficial lida e o item não consta; procurar em anexo/regulamento | Requisitos: página oficial lida e o item não consta; procurar em anexo/regulamento | Anexos: página oficial lida e o item não consta; procurar em anexo/regulamento | Destinação: página oficial lida e o item não consta; procurar em anexo/regulamento | Área de atuação: página oficial lida e "
captacao-243;Banco Mundial — Social Development Grants;pendente;;0;;9;"Objeto: dispensa só provável (a página-país do Banco Mundial lista só licitações; não há programa de grants a OSC localizado em fonte oficial; item não aplicável enquanto não houver programa); falta a regra no documento oficial | Prazo de inscrição: dispensa só provável (a página-país do Banco Mundial lista só licitações; não há programa de grants a OSC localizado em fonte oficial; item não aplicável enquanto não houver programa); falta a regra no documento oficial | Resultado: dispensa só provável (a página-país do Banco Mundial lista só licitações; não há programa de grants a OSC localizado "
captacao-251;Google.org;pendente;;0;;9;"Prazo de inscrição: dispensa só provável (sem inscrição aberta na página lida; programas com chamadas próprias); falta a regra no documento oficial | Resultado: dispensa só provável (depende de cada programa); falta a regra no documento oficial | Prazo de recurso: dispensa só provável (regime de fundação privada sem edital: não há fase recursal formal); falta a regra no documento oficial | Valor: página oficial lida e o item não consta; procurar em anexo/regulamento | Território: página oficial lida e o item não consta; procurar em anexo/regulamento | Requisitos: página oficial lida e o item n"
captacao-252;Meta Community Grants;pendente;;0;;11;"Objeto: dispensa só provável (página catalogada indisponível (conteúdo removido) em 03/10/2026; nenhum programa vigente localizado em fonte oficial; item não aplicável enquanto não houver programa); falta a regra no documento oficial | Prazo de inscrição: dispensa só provável (página catalogada indisponível (conteúdo removido) em 03/10/2026; nenhum programa vigente localizado em fonte oficial; item não aplicável enquanto não houver programa); falta a regra no documento oficial | Resultado: dispensa só provável (página catalogada indisponível (conteúdo removido) em 03/10/2026; nenhum programa v"
op-124d3e34e79a;Residência Ars Biologica (duplicata);pendente;;0;;12;"Objeto: dispensa só provável (duplicata de op-ee56b31416f1; ver o JSON canônico); falta a regra no documento oficial | Prazo de inscrição: dispensa só provável (duplicata de op-ee56b31416f1; ver o JSON canônico); falta a regra no documento oficial | Resultado: dispensa só provável (duplicata de op-ee56b31416f1; ver o JSON canônico); falta a regra no documento oficial | Prazo de recurso: dispensa só provável (duplicata de op-ee56b31416f1; ver o JSON canônico); falta a regra no documento oficial | Valor: dispensa só provável (duplicata de op-ee56b31416f1; ver o JSON canônico); falta a regra no d"
op-7539f8f6dea1;Credenciamento de agricultores — PNCP estado do RJ;pendente;sim;0;;12;"Objeto: dispensa só provável (registro misclassificado como INT: é credenciamento municipal sem relação com a A.M.C.; reclassificar para Governo municipal); falta a regra no documento oficial | Prazo de inscrição: dispensa só provável (registro misclassificado como INT: é credenciamento municipal sem relação com a A.M.C.; reclassificar para Governo municipal); falta a regra no documento oficial | Resultado: dispensa só provável (registro misclassificado como INT: é credenciamento municipal sem relação com a A.M.C.; reclassificar para Governo municipal); falta a regra no documento oficial | Pra"
op-83fd629ad336;Bolsas Camargo (duplicata);pendente;;0;;12;"Objeto: dispensa só provável (duplicata de op-0e162fb94284; ver o JSON canônico); falta a regra no documento oficial | Prazo de inscrição: dispensa só provável (duplicata de op-0e162fb94284; ver o JSON canônico); falta a regra no documento oficial | Resultado: dispensa só provável (duplicata de op-0e162fb94284; ver o JSON canônico); falta a regra no documento oficial | Prazo de recurso: dispensa só provável (duplicata de op-0e162fb94284; ver o JSON canônico); falta a regra no documento oficial | Valor: dispensa só provável (duplicata de op-0e162fb94284; ver o JSON canônico); falta a regra no d"
op-91c2f4f3673b;Município de Serro — credenciamento de agricultores familiares (PNCP);pendente;sim;0;;12;"Objeto: dispensa só provável (registro misclassificado como INT: é credenciamento municipal sem relação com a A.M.C.; reclassificar para Governo municipal); falta a regra no documento oficial | Prazo de inscrição: dispensa só provável (registro misclassificado como INT: é credenciamento municipal sem relação com a A.M.C.; reclassificar para Governo municipal); falta a regra no documento oficial | Resultado: dispensa só provável (registro misclassificado como INT: é credenciamento municipal sem relação com a A.M.C.; reclassificar para Governo municipal); falta a regra no documento oficial | Pra"
op-e7745f20733f;Chamamento nº 005/2024 — Colombo (PNCP);pendente;sim;0;;12;"Objeto: dispensa só provável (registro misclassificado como INT: é credenciamento municipal sem relação com a A.M.C.; reclassificar para Governo municipal); falta a regra no documento oficial | Prazo de inscrição: dispensa só provável (registro misclassificado como INT: é credenciamento municipal sem relação com a A.M.C.; reclassificar para Governo municipal); falta a regra no documento oficial | Resultado: dispensa só provável (registro misclassificado como INT: é credenciamento municipal sem relação com a A.M.C.; reclassificar para Governo municipal); falta a regra no documento oficial | Pra"
op-89f2538b8946;ICA — Protocolo Luso-Brasileiro de Coprodução Cinematográfica;inaplicavel;;3;2024 2025 2026;1;"Prazo de recurso: página oficial lida e o item não consta; procurar em anexo/regulamento"
op-b945005df31a;Gulbenkian — Apoio à Internacionalização (ex-Apoio à Circulação Internacional);inaplicavel;;4;2023 2024 2025 2026;1;"Prazo de recurso: dispensa só provável (o regulamento declara que da decisão 'não cabe qualquer tipo de recurso ou reclamação'); falta a regra no documento oficial"
op-33c02152c0c8;Designers in Residence 2027 — EMMA Creative Center Pforzheim;inaplicavel;;1;2026;2;"Resultado: página oficial lida e o item não consta; procurar em anexo/regulamento | Prazo de recurso: dispensa só provável (seleção por júri internacional de programa de residência; a página não prevê recurso); falta a regra no documento oficial"
op-5e28540d3e9d;Perform Europe — Open Call 2026–2028 (3ª convocatória);inaplicavel;;1;2026;2;"Resultado: página oficial lida e o item não consta; procurar em anexo/regulamento | Prazo de recurso: página oficial lida e o item não consta; procurar em anexo/regulamento"
op-64a8ce750549;Delfina Foundation × Gulbenkian UK — residência em Londres para artistas de Portugal e PALOP;inaplicavel;;1;2026;2;"Resultado: página oficial lida e o item não consta; procurar em anexo/regulamento | Prazo de recurso: dispensa só provável (seleção de residência artística de fundação privada; o guia não prevê recurso); falta a regra no documento oficial"
op-67ec4f84c8f2;Concurso Contemporary Talents — Water (Fondation François Schneider);inaplicavel;;2;2025 2026;2;"Resultado: página oficial lida e o item não consta; procurar em anexo/regulamento | Prazo de recurso: dispensa só provável (concurso privado com júri; as regras lidas não preveem recurso); falta a regra no documento oficial"
op-038d9dc85fb4;Al-Tiba9 — Open Call do Diretório de Artistas 2027;inaplicavel;;1;2026;3;"Resultado: dispensa só provável (a página informa apenas que a notificação é por e-mail aos selecionados; não há data de resultado); falta a regra no documento oficial | Prazo de recurso: dispensa só provável (chamada de plataforma privada sem fase de recurso); falta a regra no documento oficial | Valor: dispensa só provável (não há subsídio: a inscrição é gratuita e há TAXA de seleção de € 130 apenas para os selecionados (o artista paga)); falta a regra no documento oficial"
op-0576aa81cecb;IETM Global Connect 2027;inaplicavel;;1;2026;3;"Resultado: página oficial lida e o item não consta; procurar em anexo/regulamento | Prazo de recurso: dispensa só provável (processo de seleção de associação privada; a página não prevê recurso); falta a regra no documento oficial | Valor: dispensa só provável (não há valor em dinheiro: o benefício é membresia individual gratuita do IETM de 2027 a 2031 e participação em atividades); falta a regra no documento oficial"
op-0e162fb94284;Camargo Fellowship 2027–2028 (residência em Cassis, França);inaplicavel;;1;2026;3;"Resultado: página oficial lida e o item não consta; procurar em anexo/regulamento | Prazo de recurso: dispensa só provável (seleção por bolsa de residência de fundação privada; a página não prevê recurso); falta a regra no documento oficial | Valor: página oficial lida e o item não consta; procurar em anexo/regulamento"
op-ee56b31416f1;Ars Biologica ArtXScience Residency (České Budějovice, Capital Europeia da Cultura 2028);inaplicavel;;1;2026;3;"Resultado: página oficial lida e o item não consta; procurar em anexo/regulamento | Prazo de recurso: dispensa só provável (seleção artística por entrevista em programa de Capital Europeia da Cultura; a página não prevê recurso); falta a regra no documento oficial | Valor: página oficial lida e o item não consta; procurar em anexo/regulamento"
